,c11,c12,c13,c14,c15,c16,c21,c22,c23,c24,c25,c26,c31,c32,c33,c34,c35,c36,c41,c42,c43,c44,c45,c46,c51,c52,c53,c54,c55,c56,c61,c62,c63,c64,c65,c66,element,potential,crystalstructure
0,232.927,154.457,154.457,-0.0,0.0,-0.0,154.457,232.927,154.457,-0.0,0.0,0.0,154.457,154.457,232.927,-0.0,-0.0,-0.0,0.0,-0.0,-0.0,131.758,-0.0,-0.0,0.0,0.0,-0.0,-0.0,131.758,-0.0,0.0,-0.0,-0.0,-0.0,-0.0,131.758,Ni,1985--Foiles-S-M--Ni-Cu,fcc
1,168.642,123.468,123.468,-0.0,0.0,0.0,123.468,168.642,123.468,-0.0,0.0,0.0,123.468,123.468,168.642,-0.0,0.0,0.0,0.0,-0.0,-0.0,76.591,0.0,0.0,0.0,0.0,-0.0,-0.0,76.591,0.0,0.0,-0.0,0.0,-0.0,0.0,76.591,Cu,1985--Foiles-S-M--Ni-Cu,fcc
2,129.136,91.042,91.042,-0.0,-0.0,-0.0,91.042,129.136,91.042,-0.0,0.0,-0.0,91.042,91.042,129.136,-0.0,0.0,-0.0,0.0,-0.0,-0.0,56.787,-0.0,0.0,0.0,0.0,-0.0,-0.0,56.787,0.0,0.0,-0.0,0.0,-0.0,0.0,56.787,Ag,1986--Foiles-S-M-Baskes-M-I-Daw-M-S--Ag-Au-Cu-Ni-Pd-Pt,fcc
3,183.166,158.757,158.757,0.0,-0.0,-0.0,158.757,183.166,158.757,0.0,-0.0,-0.0,158.757,158.757,183.166,0.0,-0.0,0.0,0.0,0.0,-0.0,44.725,-0.0,0.0,0.0,0.0,-0.0,0.0,44.725,0.0,0.0,0.0,0.0,0.0,-0.0,44.725,Au,1986--Foiles-S-M-Baskes-M-I-Daw-M-S--Ag-Au-Cu-Ni-Pd-Pt,fcc
4,167.265,124.153,124.153,0.0,0.0,0.0,124.153,167.265,124.153,0.0,0.0,-0.0,124.153,124.153,167.265,0.0,-0.0,-0.0,0.0,0.0,-0.0,76.447,0.0,-0.0,0.0,0.0,-0.0,0.0,76.447,0.0,0.0,-0.0,0.0,0.0,0.0,76.447,Cu,1986--Foiles-S-M-Baskes-M-I-Daw-M-S--Ag-Au-Cu-Ni-Pd-Pt,fcc
5,233.273,154.287,154.287,0.0,-0.0,-0.0,154.287,233.273,154.287,0.0,-0.0,-0.0,154.287,154.287,233.273,0.0,0.0,-0.0,-0.0,-0.0,-0.0,127.637,0.0,-0.0,-0.0,-0.0,-0.0,-0.0,127.637,-0.0,-0.0,-0.0,-0.0,-0.0,0.0,127.637,Ni,1986--Foiles-S-M-Baskes-M-I-Daw-M-S--Ag-Au-Cu-Ni-Pd-Pt,fcc
6,218.187,184.455,184.455,0.0,-0.0,-0.0,184.455,218.187,184.455,0.0,-0.0,0.0,184.455,184.455,218.187,-0.0,-0.0,-0.0,0.0,-0.0,-0.0,64.914,0.0,0.0,-0.0,0.0,-0.0,0.0,64.914,0.0,-0.0,-0.0,0.0,0.0,-0.0,64.914,Pd,1986--Foiles-S-M-Baskes-M-I-Daw-M-S--Ag-Au-Cu-Ni-Pd-Pt,fcc
7,303.052,273.105,273.105,0.0,0.0,0.0,273.105,303.052,273.105,-0.0,0.0,0.0,273.105,273.105,303.052,0.0,-0.0,0.0,0.0,-0.0,-0.0,68.283,0.0,-0.0,-0.0,0.0,-0.0,-0.0,68.283,-0.0,0.0,-0.0,0.0,-0.0,0.0,68.283,Pt,1986--Foiles-S-M-Baskes-M-I-Daw-M-S--Ag-Au-Cu-Ni-Pd-Pt,fcc
8,167.265,124.153,124.153,0.0,0.0,0.0,124.153,167.265,124.153,0.0,0.0,-0.0,124.153,124.153,167.265,0.0,-0.0,-0.0,0.0,0.0,-0.0,76.447,0.0,-0.0,0.0,0.0,-0.0,0.0,76.447,0.0,0.0,-0.0,0.0,0.0,0.0,76.447,Cu,1986--Foiles-S-M-Baskes-M-I-Daw-M-S--Cu,fcc
9,233.273,154.287,154.287,0.0,-0.0,-0.0,154.287,233.273,154.287,0.0,-0.0,-0.0,154.287,154.287,233.273,0.0,0.0,-0.0,-0.0,-0.0,-0.0,127.637,0.0,-0.0,-0.0,-0.0,-0.0,-0.0,127.637,-0.0,-0.0,-0.0,-0.0,-0.0,0.0,127.637,Ni,1986--Foiles-S-M-Baskes-M-I-Daw-M-S--Ni,fcc
10,218.187,184.455,184.455,-0.0,-0.0,-0.0,184.455,218.187,184.455,-0.0,-0.0,-0.0,184.455,184.455,218.187,-0.0,-0.0,-0.0,0.0,-0.0,-0.0,64.914,-0.0,-0.0,0.0,0.0,-0.0,0.0,64.914,-0.0,0.0,-0.0,0.0,-0.0,-0.0,64.914,Pd,1986--Foiles-S-M-Baskes-M-I-Daw-M-S--Pd,fcc
11,303.052,273.105,273.105,0.0,0.0,0.0,273.105,303.052,273.105,-0.0,0.0,0.0,273.105,273.105,303.052,0.0,-0.0,0.0,0.0,-0.0,-0.0,68.283,0.0,-0.0,-0.0,0.0,-0.0,-0.0,68.283,-0.0,0.0,-0.0,0.0,-0.0,0.0,68.283,Pt,1986--Foiles-S-M-Baskes-M-I-Daw-M-S--Pt,fcc
12,124.119,93.468,93.468,0.0,0.0,0.0,93.468,124.119,93.468,0.0,-0.0,0.0,93.468,93.468,124.119,0.0,0.0,-0.0,-0.0,-0.0,-0.0,46.157,-0.0,-0.0,-0.0,0.0,-0.0,-0.0,46.157,-0.0,-0.0,-0.0,0.0,0.0,-0.0,46.157,Ag,1987--Ackland-G-J-Tichy-G-Vitek-V-Finnis-M-W--Ag,fcc
13,186.174,157.01,157.01,0.0,0.0,0.0,157.01,186.174,157.01,0.0,0.0,0.0,157.01,157.01,186.174,-0.0,-0.0,0.0,-0.0,-0.0,-0.0,41.971,-0.0,0.0,-0.0,-0.0,-0.0,-0.0,41.971,0.0,-0.0,-0.0,-0.0,-0.0,-0.0,41.971,Au,1987--Ackland-G-J-Tichy-G-Vitek-V-Finnis-M-W--Au,fcc
14,168.494,121.326,121.326,0.0,0.0,0.0,121.326,168.494,121.326,0.0,0.0,0.0,121.326,121.326,168.494,0.0,0.0,0.0,0.0,0.0,-0.0,75.31,0.0,0.0,0.0,0.0,-0.0,0.0,75.31,0.0,0.0,0.0,0.0,0.0,0.0,75.31,Cu,1987--Ackland-G-J-Tichy-G-Vitek-V-Finnis-M-W--Cu,fcc
15,260.685,150.546,150.546,-0.0,-0.0,-0.0,150.546,260.685,150.546,-0.0,0.0,-0.0,150.546,150.546,260.685,0.0,0.0,-0.0,-0.0,-0.0,-0.0,131.432,0.0,-0.0,-0.0,-0.0,-0.0,0.0,131.432,-0.0,-0.0,-0.0,-0.0,-0.0,0.0,131.432,Ni,1987--Ackland-G-J-Tichy-G-Vitek-V-Finnis-M-W--Ni,fcc
16,129.069,91.074,91.074,-0.0,-0.0,0.0,91.074,129.069,91.074,-0.0,-0.0,-0.0,91.074,91.074,129.069,-0.0,-0.0,-0.0,-0.0,-0.0,-0.0,56.743,-0.0,-0.0,-0.0,-0.0,-0.0,0.0,56.743,-0.0,-0.0,-0.0,-0.0,0.0,-0.0,56.743,Ag,1989--Adams-J-B-Foiles-S-M-Wolfer-W-G--Ag-Au-Cu-Ni-Pd-Pt,fcc
17,183.248,158.712,158.712,0.0,0.0,-0.0,158.712,183.248,158.712,-0.0,0.0,-0.0,158.712,158.712,183.248,0.0,0.0,-0.0,-0.0,-0.0,-0.0,45.261,0.0,-0.0,-0.0,-0.0,-0.0,-0.0,45.261,0.0,-0.0,-0.0,-0.0,-0.0,0.0,45.261,Au,1989--Adams-J-B-Foiles-S-M-Wolfer-W-G--Ag-Au-Cu-Ni-Pd-Pt,fcc
18,168.063,123.754,123.754,-0.0,0.0,0.0,123.754,168.063,123.754,-0.0,-0.0,-0.0,123.754,123.754,168.063,0.0,-0.0,-0.0,0.0,0.0,-0.0,78.847,0.0,-0.0,0.0,0.0,0.0,0.0,78.847,0.0,0.0,-0.0,0.0,0.0,0.0,78.847,Cu,1989--Adams-J-B-Foiles-S-M-Wolfer-W-G--Ag-Au-Cu-Ni-Pd-Pt,fcc
19,235.575,153.141,153.141,0.0,-0.0,-0.0,153.141,235.575,153.141,-0.0,-0.0,-0.0,153.141,153.141,235.575,-0.0,0.0,-0.0,0.0,-0.0,-0.0,133.505,-0.0,-0.0,-0.0,-0.0,-0.0,0.0,133.505,-0.0,-0.0,-0.0,0.0,0.0,-0.0,133.505,Ni,1989--Adams-J-B-Foiles-S-M-Wolfer-W-G--Ag-Au-Cu-Ni-Pd-Pt,fcc
20,221.059,183.015,183.015,0.0,0.0,0.0,183.015,221.059,183.015,0.0,-0.0,0.0,183.015,183.015,221.059,0.0,-0.0,0.0,-0.0,-0.0,-0.0,72.561,0.0,0.0,-0.0,-0.0,-0.0,0.0,72.561,0.0,-0.0,-0.0,-0.0,-0.0,-0.0,72.561,Pd,1989--Adams-J-B-Foiles-S-M-Wolfer-W-G--Ag-Au-Cu-Ni-Pd-Pt,fcc
21,304.085,272.589,272.589,0.0,0.0,0.0,272.589,304.085,272.589,0.0,0.0,0.0,272.589,272.589,304.085,0.0,0.0,0.0,0.0,0.0,0.0,71.909,0.0,0.0,0.0,0.0,0.0,0.0,71.909,0.0,0.0,0.0,0.0,0.0,0.0,71.909,Pt,1989--Adams-J-B-Foiles-S-M-Wolfer-W-G--Ag-Au-Cu-Ni-Pd-Pt,fcc
22,168.063,123.754,123.754,-0.0,0.0,0.0,123.754,168.063,123.754,-0.0,-0.0,-0.0,123.754,123.754,168.063,0.0,-0.0,-0.0,0.0,0.0,-0.0,78.847,0.0,-0.0,0.0,0.0,0.0,0.0,78.847,0.0,0.0,-0.0,0.0,0.0,0.0,78.847,Cu,1989--Adams-J-B-Foiles-S-M-Wolfer-W-G--Cu,fcc
23,235.575,153.141,153.141,0.0,-0.0,-0.0,153.141,235.575,153.141,-0.0,-0.0,-0.0,153.141,153.141,235.575,-0.0,0.0,-0.0,0.0,-0.0,-0.0,133.505,-0.0,-0.0,-0.0,-0.0,-0.0,0.0,133.505,-0.0,-0.0,-0.0,0.0,0.0,-0.0,133.505,Ni,1989--Adams-J-B-Foiles-S-M-Wolfer-W-G--Ni,fcc
24,221.059,183.015,183.015,0.0,0.0,0.0,183.015,221.059,183.015,0.0,-0.0,0.0,183.015,183.015,221.059,0.0,-0.0,0.0,-0.0,-0.0,-0.0,72.561,0.0,0.0,-0.0,-0.0,-0.0,0.0,72.561,0.0,-0.0,-0.0,-0.0,-0.0,-0.0,72.561,Pd,1989--Adams-J-B-Foiles-S-M-Wolfer-W-G--Pd,fcc
25,304.085,272.589,272.589,0.0,0.0,0.0,272.589,304.085,272.589,0.0,0.0,0.0,272.589,272.589,304.085,0.0,0.0,0.0,0.0,0.0,0.0,71.909,0.0,0.0,0.0,0.0,0.0,0.0,71.909,0.0,0.0,0.0,0.0,0.0,0.0,71.909,Pt,1989--Adams-J-B-Foiles-S-M-Wolfer-W-G--Pt,fcc
26,167.315,120.859,120.859,-0.0,0.0,0.0,120.859,167.315,120.859,0.0,0.0,-0.0,120.859,120.859,167.315,-0.0,0.0,0.0,-0.0,-0.0,-0.0,74.856,-0.0,-0.0,-0.0,-0.0,-0.0,-0.0,74.856,0.0,-0.0,-0.0,-0.0,0.0,0.0,74.856,Cu,1990--Ackland-G-J-Vitek-V--Cu,fcc
27,180.077,86.694,69.455,-0.0,0.0,-0.0,86.694,180.077,69.455,0.0,0.0,-0.0,69.455,69.455,165.184,-0.0,0.0,-0.0,-0.0,0.0,0.0,45.154,0.0,-0.0,0.0,0.0,0.0,-0.0,45.154,0.0,0.0,-0.0,0.0,-0.0,0.0,46.692,Ti,1992--Ackland-G-J--Ti,hcp
28,246.715,147.481,147.481,0.0,0.0,-0.0,147.481,246.715,147.481,0.0,0.0,-0.0,147.481,147.481,246.715,0.0,0.0,-0.0,0.0,-0.0,-0.0,124.961,0.0,0.0,-0.0,0.0,-0.0,0.0,124.961,-0.0,-0.0,-0.0,0.0,0.0,0.0,124.961,Ni,1995--Angelo-J-E-Moody-N-R-Baskes-M-I--Ni-Al-H,fcc
29,114.016,62.046,62.046,0.0,0.0,0.0,62.046,114.016,62.046,-0.0,0.0,0.0,62.046,62.046,114.016,-0.0,0.0,0.0,-0.0,-0.0,-0.0,31.616,-0.0,0.0,-0.0,-0.0,-0.0,-0.0,31.616,0.0,-0.0,-0.0,-0.0,-0.0,0.0,31.616,Al,1995--Angelo-J-E-Moody-N-R-Baskes-M-I--Ni-Al-H,fcc
30,243.365,129.639,129.639,-0.0,-0.0,-0.0,129.639,243.365,129.639,-0.0,-0.0,-0.0,129.639,129.639,243.365,-0.0,-0.0,-0.0,-0.0,-0.0,-0.0,27.575,-0.0,0.0,-0.0,-0.0,-0.0,-0.0,27.575,-0.0,-0.0,-0.0,-0.0,-0.0,-0.0,27.575,Nb,1996--Farkas-D-Jones-C--Nb-Ti-Al,bcc
31,188.212,75.14,62.157,0.0,0.0,-0.0,75.14,188.212,62.157,0.0,0.0,0.0,62.157,62.157,191.528,-0.0,-0.0,0.0,-0.0,0.0,-0.0,43.122,0.0,0.0,0.0,-0.0,-0.0,-0.0,43.122,-0.0,-0.0,0.0,-0.0,-0.0,-0.0,38.859,Ti,1996--Farkas-D-Jones-C--Nb-Ti-Al,hcp
32,180.955,123.553,123.553,-0.0,-0.0,-0.0,123.553,180.955,123.553,-0.0,-0.0,-0.0,123.553,123.553,180.955,-0.0,0.0,-0.0,0.0,-0.0,-0.0,50.79,0.0,-0.0,-0.0,0.0,-0.0,0.0,50.79,-0.0,-0.0,-0.0,-0.0,-0.0,0.0,50.79,Al,1996--Farkas-D-Jones-C--Nb-Ti-Al,fcc
33,243.418,145.06,145.06,-0.0,-0.0,0.0,145.06,243.418,145.06,-0.0,-0.0,-0.0,145.06,145.06,243.418,-0.0,-0.0,0.0,-0.0,-0.0,-0.0,116.029,-0.0,0.0,-0.0,-0.0,-0.0,-0.0,116.029,-0.0,-0.0,-0.0,-0.0,-0.0,-0.0,116.029,Fe,1997--Ackland-G-J-Bacon-D-J-Calder-A-F-Harry-T--Fe,bcc
34,13.669,6.835,6.835,-0.0,0.0,0.0,6.835,13.669,6.835,0.0,0.0,-0.0,6.835,6.835,13.669,-0.0,0.0,0.0,0.0,-0.0,-0.0,6.835,0.0,0.0,-0.0,0.0,-0.0,-0.0,6.835,-0.0,-0.0,-0.0,0.0,-0.0,-0.0,6.835,Al,1997--Liu-X-Y-Ohotnicky-P-P-Adams-J-B-et-al--Al-Mg,fcc
35,62.392,25.788,21.536,0.0,0.0,-0.0,24.778,63.402,21.536,-0.0,0.0,-0.0,21.536,21.536,67.241,0.0,0.0,-0.0,-0.0,0.0,-0.0,16.846,0.0,-0.0,0.0,0.0,-0.0,0.0,16.846,-0.0,0.0,-0.0,0.0,0.0,0.0,18.302,Mg,1997--Liu-X-Y-Ohotnicky-P-P-Adams-J-B-et-al--Al-Mg,hcp
36,116.752,61.792,61.792,0.0,0.0,-0.0,61.792,116.752,61.792,0.0,0.0,-0.0,61.792,61.792,116.752,-0.0,-0.0,-0.0,-0.0,-0.0,-0.0,31.975,0.0,-0.0,-0.0,-0.0,-0.0,-0.0,31.975,-0.0,-0.0,-0.0,-0.0,-0.0,0.0,31.975,Al,1998--Liu-X-Y-Adams-J-B--Al-Mg,fcc
37,63.4,24.777,21.535,-0.0,0.0,0.0,25.786,62.391,21.535,0.0,0.0,0.0,21.535,21.535,67.239,-0.0,0.0,0.0,0.0,0.0,-0.0,16.846,-0.0,0.0,0.0,0.0,-0.0,-0.0,16.846,0.0,0.0,0.0,-0.0,0.0,-0.0,19.312,Mg,1998--Liu-X-Y-Adams-J-B--Al-Mg,hcp
38,118.442,62.563,62.563,0.0,0.0,0.0,62.563,118.442,62.563,0.0,0.0,0.0,62.563,62.563,118.442,0.0,-0.0,0.0,-0.0,0.0,0.0,36.613,0.0,0.0,-0.0,-0.0,0.0,0.0,36.613,0.0,-0.0,0.0,0.0,0.0,0.0,36.613,Al,1999--Liu-X-Y-Liu-C-L-Borucki-L-J--Al-Cu,fcc
39,167.264,124.154,124.154,-0.0,-0.0,-0.0,124.154,167.264,124.154,-0.0,-0.0,-0.0,124.154,124.154,167.264,-0.0,-0.0,0.0,0.0,0.0,-0.0,76.445,0.0,-0.0,0.0,0.0,-0.0,0.0,76.445,-0.0,0.0,-0.0,0.0,0.0,0.0,76.445,Cu,1999--Liu-X-Y-Liu-C-L-Borucki-L-J--Al-Cu,fcc
40,113.796,61.555,61.555,-0.0,0.0,-0.0,61.555,113.796,61.555,-0.0,0.0,-0.0,61.555,61.555,113.796,-0.0,0.0,-0.0,0.0,-0.0,-0.0,31.595,0.0,-0.0,0.0,-0.0,-0.0,-0.0,31.595,-0.0,-0.0,-0.0,-0.0,-0.0,0.0,31.595,Al,1999--Mishin-Y-Farkas-D-Mehl-M-J-Papaconstantopoulos-D-A--Al,fcc
41,247.862,147.828,147.828,0.0,-0.0,-0.0,147.828,247.862,147.828,-0.0,0.0,0.0,147.828,147.828,247.862,-0.0,-0.0,-0.0,0.0,-0.0,-0.0,124.838,0.0,0.0,-0.0,0.0,-0.0,-0.0,124.838,-0.0,-0.0,-0.0,-0.0,0.0,0.0,124.838,Ni,1999--Mishin-Y-Farkas-D-Mehl-M-J-Papaconstantopoulos-D-A--Ni,fcc
42,107.907,56.907,56.907,0.0,0.0,0.0,56.907,107.907,56.907,0.0,0.0,0.0,56.907,56.907,107.907,0.0,0.0,0.0,-0.0,0.0,0.0,32.86,-0.0,0.0,0.0,0.0,0.0,0.0,32.86,0.0,-0.0,0.0,0.0,0.0,0.0,32.86,Al,2000--Landa-A-Wynblatt-P-Siegel-D-J-et-al--Al-Pb,fcc
43,43.988,36.745,36.745,-0.0,-0.0,-0.0,36.745,43.988,36.745,-0.0,-0.0,-0.0,36.745,36.745,43.988,-0.0,-0.0,-0.0,-0.0,-0.0,-0.0,7.239,-0.0,-0.0,-0.0,-0.0,-0.0,-0.0,7.239,-0.0,-0.0,-0.0,0.0,-0.0,-0.0,7.239,Pb,2000--Landa-A-Wynblatt-P-Siegel-D-J-et-al--Al-Pb,fcc
44,12.612,6.303,6.303,-0.0,-0.0,-0.0,6.303,12.612,6.303,-0.0,-0.0,0.0,6.303,6.303,12.612,0.0,0.0,0.0,-0.0,0.0,0.0,6.309,-0.0,0.0,0.0,-0.0,0.0,0.0,6.309,0.0,0.0,0.0,-0.0,0.0,0.0,6.309,Al,2000--Sturgeon-J-B-Laird-B-B--Al,fcc
45,169.881,122.604,122.604,0.0,-0.0,-0.0,122.604,169.881,122.604,-0.0,-0.0,-0.0,122.604,122.604,169.881,0.0,-0.0,-0.0,-0.0,-0.0,-0.0,76.19,-0.0,-0.0,-0.0,-0.0,-0.0,-0.0,76.19,-0.0,-0.0,-0.0,-0.0,-0.0,-0.0,76.19,Cu,2001--Mishin-Y-Mehl-M-J-Papaconstantopoulos-D-A-et-al--Cu-1,fcc
46,635.052,315.743,315.743,-0.0,-0.0,-0.0,315.743,635.052,315.743,-0.0,0.0,-0.0,315.743,315.743,635.052,0.0,-0.0,-0.0,0.0,-0.0,-0.0,136.097,-0.0,-0.0,-0.0,0.0,-0.0,-0.0,136.097,-0.0,-0.0,0.0,0.0,0.0,-0.0,136.097,Ni,2002--Mishin-Y-Mehl-M-J-Papaconstantopoulos-D-A--Ni-Al,fcc
47,145.065,78.122,78.122,0.0,-0.0,0.0,78.122,145.065,78.122,-0.0,0.0,-0.0,78.122,78.122,145.065,0.0,0.0,0.0,0.0,0.0,-0.0,84.369,0.0,0.0,-0.0,0.0,-0.0,0.0,84.369,-0.0,-0.0,-0.0,-0.0,0.0,-0.0,84.369,Al,2002--Mishin-Y-Mehl-M-J-Papaconstantopoulos-D-A--Ni-Al,fcc
48,227.566,119.098,119.098,-0.0,-0.0,0.0,119.098,227.566,119.098,-0.0,0.0,0.0,119.098,119.098,227.566,-0.0,-0.0,0.0,0.0,0.0,-0.0,43.155,-0.0,0.0,0.0,0.0,-0.0,-0.0,43.155,0.0,0.0,0.0,-0.0,-0.0,-0.0,43.155,V,2003--Han-S-Zepeda-Ruiz-L-A-Ackland-G-J-et-al--V,bcc
49,532.613,205.016,205.016,-0.0,0.0,0.0,205.016,532.613,205.016,-0.0,0.0,0.0,205.016,205.016,532.613,-0.0,0.0,-0.0,-0.0,-0.0,-0.0,163.199,-0.0,0.0,-0.0,-0.0,-0.0,-0.0,163.199,-0.0,-0.0,-0.0,-0.0,-0.0,0.0,163.199,W,2003--Han-S-Zepeda-Ruiz-L-A-Ackland-G-J-et-al--W,bcc
50,169.276,124.759,124.759,0.0,0.0,0.0,124.759,169.276,124.759,0.0,0.0,0.0,124.759,124.759,169.276,0.0,0.0,0.0,0.0,-0.0,-0.0,77.071,0.0,0.0,0.0,0.0,-0.0,0.0,77.071,0.0,0.0,-0.0,0.0,0.0,-0.0,77.071,Cu,2003--Hoyt-J-J-Garvin-J-W-Webb-E-B-Asta-M--Cu-Pb,fcc
51,43.048,35.919,35.919,-0.0,-0.0,-0.0,35.919,43.048,35.919,-0.0,-0.0,-0.0,35.919,35.919,43.048,-0.0,-0.0,-0.0,-0.0,-0.0,-0.0,7.117,-0.0,-0.0,-0.0,-0.0,-0.0,-0.0,7.117,-0.0,-0.0,-0.0,-0.0,-0.0,-0.0,7.117,Pb,2003--Hoyt-J-J-Garvin-J-W-Webb-E-B-Asta-M--Cu-Pb,fcc
52,247.486,143.589,143.589,-0.0,0.0,-0.0,143.589,247.486,143.589,-0.0,-0.0,0.0,143.589,143.589,247.486,0.0,0.0,-0.0,-0.0,-0.0,-0.0,86.595,-0.0,0.0,-0.0,-0.0,-0.0,-0.0,86.595,-0.0,-0.0,-0.0,-0.0,-0.0,0.0,86.595,Ta,2003--Li-Y-Siegel-D-J-Adams-J-B-Liu-X-Y--Ta,bcc
53,244.307,145.324,145.324,0.0,0.0,0.0,145.324,244.307,145.324,0.0,0.0,0.0,145.324,145.324,244.306,0.0,0.0,0.0,0.0,0.0,0.0,116.35,0.0,0.0,0.0,0.0,0.0,0.0,116.35,0.0,0.0,0.0,0.0,0.0,0.0,116.35,Fe,2003--Mendelev-M-I-Han-S-Srolovitz-D-J-et-al--Fe-2,bcc
54,243.925,145.314,145.314,-0.0,-0.0,-0.0,145.314,243.925,145.314,0.0,0.0,-0.0,145.314,145.314,243.925,0.0,-0.0,-0.0,-0.0,-0.0,-0.0,116.115,0.0,-0.0,-0.0,-0.0,-0.0,-0.0,116.115,-0.0,-0.0,-0.0,-0.0,-0.0,-0.0,116.115,Fe,2003--Mendelev-M-I-Han-S-Srolovitz-D-J-et-al--Fe-5,bcc
55,116.815,60.117,60.117,0.0,-0.0,-0.0,60.117,116.815,60.117,-0.0,-0.0,0.0,60.117,60.117,116.815,-0.0,-0.0,-0.0,-0.0,-0.0,-0.0,31.66,-0.0,0.0,-0.0,0.0,-0.0,0.0,31.66,0.0,-0.0,-0.0,-0.0,-0.0,-0.0,31.66,Al,2003--Zope-R-R-Mishin-Y--Al,fcc
56,171.486,84.236,77.071,0.0,-0.0,0.0,84.236,171.486,77.071,-0.0,-0.0,0.0,77.071,77.071,189.968,0.0,-0.0,0.0,0.0,0.0,0.0,52.792,-0.0,-0.0,0.0,0.0,0.0,-0.0,52.792,-0.0,0.0,-0.0,-0.0,-0.0,-0.0,43.625,Ti,2003--Zope-R-R-Mishin-Y--Ti-Al,hcp
57,116.815,60.12,60.12,-0.0,0.0,-0.0,60.12,116.815,60.12,-0.0,-0.0,-0.0,60.12,60.12,116.815,-0.0,-0.0,-0.0,0.0,0.0,-0.0,31.66,-0.0,-0.0,0.0,-0.0,-0.0,-0.0,31.66,-0.0,0.0,-0.0,0.0,-0.0,-0.0,31.66,Al,2003--Zope-R-R-Mishin-Y--Ti-Al,fcc
58,243.448,145.133,145.133,-0.0,-0.0,-0.0,145.133,243.448,145.133,0.0,0.0,-0.0,145.133,145.133,243.448,-0.0,0.0,-0.0,0.0,0.0,0.0,116.233,0.0,-0.0,0.0,0.0,-0.0,-0.0,116.233,0.0,0.0,0.0,0.0,-0.0,-0.0,116.233,Fe,2004--Ackland-G-J-Mendelev-M-I-Srolovitz-D-J-et-al--Fe-P,bcc
59,118.939,62.9,62.9,0.0,0.0,-0.0,62.9,118.939,62.9,0.0,0.0,0.0,62.9,62.9,118.939,0.0,0.0,0.0,-0.0,-0.0,-0.0,32.972,-0.0,-0.0,-0.0,0.0,-0.0,0.0,32.972,-0.0,-0.0,-0.0,-0.0,-0.0,0.0,32.972,Al,2004--Liu-X-Y-Ercolessi-F-Adams-J-B--Al,fcc
60,241.343,150.824,150.824,-0.0,0.0,0.0,150.824,241.343,150.824,0.0,0.0,0.0,150.824,150.824,241.343,0.0,0.0,0.0,-0.0,-0.0,-0.0,127.345,-0.0,0.0,0.0,-0.0,0.0,0.0,127.345,0.0,-0.0,-0.0,0.0,0.0,0.0,127.345,Ni,2004--Mishin-Y--Ni-Al,fcc
61,116.807,60.113,60.113,0.0,-0.0,-0.0,60.113,116.807,60.113,0.0,-0.0,-0.0,60.113,60.113,116.807,0.0,-0.0,-0.0,-0.0,0.0,-0.0,31.657,-0.0,-0.0,-0.0,-0.0,-0.0,0.0,31.657,-0.0,-0.0,-0.0,-0.0,0.0,-0.0,31.657,Al,2004--Mishin-Y--Ni-Al,fcc
62,122.876,92.924,92.924,-0.0,-0.0,-0.0,92.924,122.876,92.924,-0.0,-0.0,-0.0,92.924,92.924,122.876,-0.0,-0.0,-0.0,-0.0,-0.0,-0.0,45.124,-0.0,-0.0,-0.0,-0.0,-0.0,-0.0,45.124,-0.0,-0.0,-0.0,-0.0,0.0,-0.0,45.124,Ag,2004--Zhou-X-W-Johnson-R-A-Wadley-H-N-G--Ag,fcc
63,112.284,63.797,63.797,0.0,-0.0,0.0,63.797,112.284,63.797,-0.0,0.0,0.0,63.797,63.797,112.284,0.0,0.0,-0.0,-0.0,-0.0,-0.0,30.93,-0.0,0.0,-0.0,-0.0,-0.0,-0.0,30.93,-0.0,-0.0,-0.0,-0.0,-0.0,0.0,30.93,Al,2004--Zhou-X-W-Johnson-R-A-Wadley-H-N-G--Al,fcc
64,187.919,157.751,157.751,0.0,0.0,0.0,157.751,187.919,157.751,-0.0,0.0,0.0,157.751,157.751,187.919,0.0,0.0,0.0,0.0,0.0,0.0,42.542,0.0,0.0,0.0,0.0,0.0,0.0,42.542,0.0,0.0,0.0,0.0,0.0,0.0,42.542,Au,2004--Zhou-X-W-Johnson-R-A-Wadley-H-N-G--Au,fcc
65,289.159,134.529,117.453,0.0,-0.0,0.0,156.976,266.712,117.453,0.0,-0.0,0.0,117.453,117.453,336.958,0.0,-0.0,0.0,0.0,-0.0,-0.0,59.696,0.0,0.0,0.0,-0.0,-0.0,0.0,59.696,0.0,0.0,-0.0,-0.0,0.0,-0.0,54.868,Co,2004--Zhou-X-W-Johnson-R-A-Wadley-H-N-G--Co,hcp
66,172.228,125.615,125.615,-0.0,0.0,-0.0,125.615,172.228,125.615,-0.0,-0.0,-0.0,125.615,125.615,172.228,-0.0,-0.0,-0.0,-0.0,-0.0,-0.0,74.842,-0.0,-0.0,-0.0,-0.0,-0.0,-0.0,74.842,-0.0,-0.0,-0.0,-0.0,-0.0,-0.0,74.842,Cu,2004--Zhou-X-W-Johnson-R-A-Wadley-H-N-G--Cu-Ag-Au,fcc
67,123.16,93.167,93.167,-0.0,-0.0,0.0,93.167,123.16,93.167,0.0,-0.0,-0.0,93.167,93.167,123.16,0.0,-0.0,0.0,-0.0,-0.0,-0.0,45.14,-0.0,0.0,-0.0,-0.0,-0.0,0.0,45.14,0.0,-0.0,-0.0,-0.0,-0.0,-0.0,45.14,Ag,2004--Zhou-X-W-Johnson-R-A-Wadley-H-N-G--Cu-Ag-Au,fcc
68,186.178,157.273,157.273,0.0,0.0,0.0,157.273,186.178,157.273,0.0,0.0,0.0,157.273,157.273,186.178,0.0,0.0,-0.0,-0.0,-0.0,-0.0,42.032,0.0,0.0,-0.0,-0.0,-0.0,0.0,42.032,-0.0,-0.0,-0.0,-0.0,-0.0,0.0,42.032,Au,2004--Zhou-X-W-Johnson-R-A-Wadley-H-N-G--Cu-Ag-Au,fcc
69,231.313,136.671,136.671,-0.0,-0.0,0.0,136.671,231.313,136.671,0.0,-0.0,-0.0,136.671,136.671,231.313,0.0,0.0,0.0,-0.0,0.0,-0.0,117.774,0.0,0.0,0.0,-0.0,-0.0,0.0,117.774,-0.0,0.0,-0.0,-0.0,0.0,0.0,117.774,Fe,2004--Zhou-X-W-Johnson-R-A-Wadley-H-N-G--Fe,bcc
70,60.447,24.376,19.645,0.0,0.0,-0.0,24.376,60.447,19.645,0.0,0.0,-0.0,19.645,19.645,66.925,0.0,-0.0,-0.0,0.0,0.0,0.0,13.273,0.0,0.0,0.0,0.0,0.0,0.0,13.273,-0.0,0.0,0.0,0.0,0.0,0.0,18.036,Mg,2004--Zhou-X-W-Johnson-R-A-Wadley-H-N-G--Mg,hcp
71,456.309,167.407,167.407,-0.0,-0.0,0.0,167.407,456.309,167.407,-0.0,-0.0,0.0,167.407,167.407,456.309,-0.0,0.0,-0.0,-0.0,0.0,0.0,115.338,-0.0,-0.0,-0.0,-0.0,-0.0,-0.0,115.338,0.0,0.0,-0.0,-0.0,-0.0,0.0,115.338,Mo,2004--Zhou-X-W-Johnson-R-A-Wadley-H-N-G--Mo,bcc
72,249.362,147.6,147.6,0.0,0.0,-0.0,147.6,249.362,147.6,0.0,-0.0,0.0,147.6,147.6,249.362,0.0,0.0,0.0,0.0,0.0,0.0,126.546,-0.0,-0.0,0.0,0.0,0.0,-0.0,126.546,-0.0,0.0,0.0,0.0,-0.0,-0.0,126.546,Ni,2004--Zhou-X-W-Johnson-R-A-Wadley-H-N-G--Ni,fcc
73,49.721,42.32,42.32,-0.0,-0.0,0.0,42.32,49.721,42.32,-0.0,-0.0,0.0,42.32,42.32,49.721,-0.0,-0.0,0.0,-0.0,-0.0,-0.0,14.789,-0.0,0.0,-0.0,0.0,-0.0,-0.0,14.789,0.0,-0.0,-0.0,0.0,-0.0,-0.0,14.789,Pb,2004--Zhou-X-W-Johnson-R-A-Wadley-H-N-G--Pb,fcc
74,236.609,177.05,177.05,0.0,-0.0,0.0,177.05,236.609,177.05,0.0,0.0,-0.0,177.05,177.05,236.609,0.0,-0.0,0.0,-0.0,-0.0,-0.0,72.146,-0.0,-0.0,-0.0,-0.0,-0.0,0.0,72.146,0.0,-0.0,-0.0,-0.0,0.0,0.0,72.146,Pd,2004--Zhou-X-W-Johnson-R-A-Wadley-H-N-G--Pd,fcc
75,357.053,260.081,260.081,-0.0,-0.0,0.0,260.081,357.053,260.081,-0.0,0.0,0.0,260.081,260.081,357.053,0.0,0.0,0.0,0.0,0.0,0.0,77.969,-0.0,-0.0,0.0,0.0,0.0,-0.0,77.969,0.0,0.0,0.0,0.0,0.0,0.0,77.969,Pt,2004--Zhou-X-W-Johnson-R-A-Wadley-H-N-G--Pt,fcc
76,264.377,159.536,159.536,-0.0,0.0,0.0,159.536,264.377,159.536,-0.0,-0.0,0.0,159.536,159.536,264.377,-0.0,0.0,0.0,-0.0,-0.0,-0.0,80.881,-0.0,0.0,-0.0,-0.0,-0.0,-0.0,80.881,0.0,-0.0,-0.0,-0.0,0.0,0.0,80.881,Ta,2004--Zhou-X-W-Johnson-R-A-Wadley-H-N-G--Ta-Cu,bcc
77,161.527,117.87,117.87,-0.0,-0.0,-0.0,117.87,161.527,117.87,0.0,-0.0,-0.0,117.87,117.87,161.527,0.0,0.0,-0.0,-0.0,-0.0,-0.0,71.89,0.0,0.0,-0.0,-0.0,-0.0,0.0,71.89,0.0,-0.0,-0.0,-0.0,0.0,0.0,71.89,Cu,2004--Zhou-X-W-Johnson-R-A-Wadley-H-N-G--Ta-Cu,fcc
78,149.92,88.201,66.7,-0.0,0.0,0.0,75.892,162.229,66.7,0.0,-0.0,0.0,66.7,66.7,190.19,-0.0,0.0,0.0,-0.0,0.0,-0.0,33.648,0.0,0.0,-0.0,0.0,0.0,-0.0,33.648,0.0,-0.0,0.0,0.0,0.0,0.0,43.168,Ti,2004--Zhou-X-W-Johnson-R-A-Wadley-H-N-G--Ti,hcp
79,519.926,202.172,202.172,0.0,-0.0,-0.0,202.172,519.926,202.172,0.0,-0.0,-0.0,202.172,202.172,519.926,-0.0,-0.0,-0.0,-0.0,-0.0,-0.0,158.961,-0.0,-0.0,0.0,-0.0,-0.0,-0.0,158.961,-0.0,0.0,-0.0,-0.0,-0.0,-0.0,158.961,W,2004--Zhou-X-W-Johnson-R-A-Wadley-H-N-G--W,bcc
80,145.975,74.217,70.024,0.0,0.0,0.0,85.529,134.663,70.024,0.0,0.0,0.0,70.024,70.024,183.696,0.0,0.0,0.0,-0.0,0.0,-0.0,30.939,0.0,0.0,-0.0,0.0,-0.0,0.0,30.939,0.0,-0.0,-0.0,-0.0,0.0,0.0,35.879,Zr,2004--Zhou-X-W-Johnson-R-A-Wadley-H-N-G--Zr,hcp
81,201.648,169.532,169.532,-0.0,0.0,-0.0,169.532,201.648,169.532,0.0,-0.0,0.0,169.532,169.532,201.648,0.0,-0.0,0.0,0.0,0.0,0.0,45.969,0.0,0.0,0.0,0.0,0.0,0.0,45.969,0.0,0.0,0.0,0.0,0.0,0.0,45.969,Au,2005--Grochola-G-Russo-S-P-Snook-I-K--Au,fcc
82,115.931,61.38,61.38,-0.0,-0.0,-0.0,61.38,115.931,61.38,-0.0,-0.0,0.0,61.38,61.38,115.931,-0.0,-0.0,-0.0,-0.0,0.0,0.0,33.387,-0.0,0.0,0.0,-0.0,0.0,-0.0,33.387,-0.0,0.0,0.0,-0.0,-0.0,-0.0,33.387,Al,2005--Mendelev-M-I-Srolovitz-D-J-Ackland-G-J-Han-S--Al-Fe,fcc
83,243.43,145.085,145.085,0.0,0.0,0.0,145.085,243.43,145.085,0.0,0.0,0.0,145.085,145.085,243.43,0.0,0.0,0.0,-0.0,0.0,-0.0,116.179,0.0,0.0,0.0,0.0,-0.0,0.0,116.179,0.0,0.0,-0.0,-0.0,-0.0,0.0,116.179,Fe,2005--Mendelev-M-I-Srolovitz-D-J-Ackland-G-J-Han-S--Al-Fe,bcc
84,295582673.6,294755429.692,294755384.477,-102.875,-41.914,24.565,294755427.299,295582688.808,294755375.052,-97.016,1.477,22.674,294755428.143,294755437.077,295582686.566,-60.934,-31.06,17.12,-9.09,-18.638,-86.247,294755326.517,-70.774,7.895,-0.87,4.243,-87.901,-96.395,294755395.987,19.732,-10.191,0.375,-114.712,-108.132,-82.727,294755449.203,Fe,2006--Chamati-H-Papanicolaou-N-I-Mishin-Y-Papaconstantopoulos-D-A--Fe,bcc
85,70.846,25.775,18.62,-0.0,-0.0,-0.0,25.775,70.846,18.62,-0.0,-0.0,-0.0,18.62,18.62,73.483,0.0,-0.0,-0.0,-0.0,0.0,-0.0,15.375,-0.0,-0.0,0.0,0.0,-0.0,0.0,15.375,-0.0,0.0,0.0,0.0,-0.0,-0.0,22.536,Mg,2006--Sun-D-Y-Mendelev-M-I-Becker-C-A-et-al--Mg,hcp
86,124.239,93.874,93.874,0.0,0.0,0.0,93.874,124.239,93.874,0.0,0.0,0.0,93.874,93.874,124.239,0.0,0.0,0.0,-0.0,-0.0,-0.0,46.419,0.0,0.0,-0.0,-0.0,-0.0,0.0,46.419,-0.0,-0.0,-0.0,-0.0,0.0,0.0,46.419,Ag,2006--Williams-P-L-Mishin-Y-Hamilton-J-C--Ag,fcc
87,169.886,122.609,122.609,-0.0,-0.0,-0.0,122.609,169.886,122.609,0.0,-0.0,-0.0,122.609,122.609,169.886,0.0,0.0,-0.0,0.0,0.0,0.0,76.191,0.0,-0.0,0.0,0.0,0.0,0.0,76.191,-0.0,0.0,0.0,0.0,0.0,0.0,76.191,Cu,2006--Williams-P-L-Mishin-Y-Hamilton-J-C--Cu-Ag,fcc
88,124.238,93.873,93.873,-0.0,-0.0,0.0,93.873,124.238,93.873,-0.0,-0.0,0.0,93.873,93.873,124.238,-0.0,-0.0,0.0,-0.0,-0.0,-0.0,46.419,-0.0,0.0,-0.0,0.0,-0.0,-0.0,46.419,-0.0,-0.0,-0.0,-0.0,-0.0,-0.0,46.419,Ag,2006--Williams-P-L-Mishin-Y-Hamilton-J-C--Cu-Ag,fcc
89,168.157,108.51,72.491,-0.0,-0.0,0.0,86.046,190.621,72.491,0.0,-0.0,0.0,72.491,72.491,208.298,-0.0,-0.0,0.0,-0.0,-0.0,-0.0,38.665,-0.0,0.0,-0.0,-0.0,-0.0,0.0,38.665,0.0,-0.0,-0.0,-0.0,0.0,-0.0,29.823,Zr,2007--Mendelev-M-I-Ackland-G-J--Zr-1,hcp
90,145.091,79.304,54.073,-0.0,-0.0,-0.0,63.046,161.349,54.073,-0.0,0.0,-0.0,54.073,54.073,177.501,-0.0,-0.0,-0.0,0.0,-0.0,0.0,40.13,-0.0,-0.0,-0.0,-0.0,0.0,-0.0,40.13,-0.0,-0.0,-0.0,-0.0,-0.0,-0.0,32.894,Zr,2007--Mendelev-M-I-Ackland-G-J--Zr-2,hcp
91,2.86,0.953,0.763,-0.0,0.0,0.0,0.953,2.86,0.763,0.0,0.0,0.0,0.763,0.763,3.05,0.0,0.0,0.0,-0.0,-0.0,-0.0,0.763,-0.0,0.0,-0.0,-0.0,-0.0,0.0,0.763,-0.0,-0.0,-0.0,-0.0,0.0,-0.0,0.953,Zr,2007--Mendelev-M-I-Ackland-G-J--Zr-3,hcp
92,227.873,119.665,119.665,0.0,0.0,0.0,119.665,227.873,119.665,-0.0,0.0,0.0,119.665,119.665,227.873,-0.0,0.0,-0.0,-0.0,-0.0,-0.0,42.425,0.0,0.0,-0.0,0.0,-0.0,0.0,42.425,0.0,-0.0,0.0,-0.0,0.0,0.0,42.425,V,2007--Mendelev-M-I-Han-S-Son-W-et-al--V-Fe,bcc
93,243.448,145.133,145.133,-0.0,-0.0,-0.0,145.133,243.448,145.133,0.0,0.0,-0.0,145.133,145.133,243.448,-0.0,0.0,-0.0,0.0,0.0,0.0,116.233,0.0,-0.0,0.0,0.0,-0.0,-0.0,116.233,0.0,0.0,0.0,0.0,-0.0,-0.0,116.233,Fe,2007--Mendelev-M-I-Han-S-Son-W-et-al--V-Fe,bcc
94,178.269,128.625,128.625,0.0,-0.0,-0.0,128.625,178.269,128.625,0.0,0.0,-0.0,128.625,128.625,178.269,0.0,-0.0,-0.0,0.0,0.0,0.0,85.224,-0.0,-0.0,0.0,0.0,0.0,0.0,85.224,-0.0,0.0,0.0,0.0,0.0,-0.0,85.224,Cu,2007--Mendelev-M-I-Sordelet-D-J-Kramer-M-J--Cu-Zr,fcc
95,145.12,79.332,54.101,-0.0,-0.0,0.0,63.075,161.377,54.101,0.0,-0.0,-0.0,54.101,54.101,177.53,-0.0,-0.0,0.0,-0.0,0.0,0.0,40.13,-0.0,-0.0,-0.0,0.0,0.0,-0.0,40.13,-0.0,-0.0,-0.0,0.0,-0.0,-0.0,32.894,Zr,2007--Mendelev-M-I-Sordelet-D-J-Kramer-M-J--Cu-Zr,hcp
96,509.098,84.738,84.025,0.0,0.0,-0.0,84.738,509.097,84.025,0.0,0.0,-0.0,84.025,84.025,563.619,-0.0,0.0,-0.0,0.0,0.0,0.0,224.209,0.0,0.0,0.0,0.0,0.0,-0.0,224.209,-0.0,0.0,0.0,0.0,0.0,0.0,212.18,Ru,2008--Fortini-A-Mendelev-M-I-Buldyrev-S-Srolovitz-D--Ru,hcp
97,3671.212,2442.265,2534.196,-0.0,-0.001,0.0,2442.265,3671.212,2534.196,-0.0,-0.001,0.0,2534.196,2534.196,4257.512,0.0,-0.001,0.0,-0.0,-0.0,-0.0,679.866,-0.001,-0.0,-0.0,-0.0,-0.0,0.0,679.865,0.0,-0.0,0.0,0.0,-0.0,-0.001,614.474,Ti,2008--Hennig-R-G-Lenosky-T-J-Trinkle-D-R-et-al--Ti,hcp
98,244.474,146.174,146.174,-0.0,-0.0,-0.0,146.174,244.474,146.174,-0.0,-0.0,0.0,146.174,146.174,244.474,-0.0,-0.0,0.0,-0.0,-0.0,-0.0,116.217,-0.0,-0.0,-0.0,-0.0,-0.0,-0.0,116.217,-0.0,0.0,-0.0,-0.0,-0.0,-0.0,116.217,Fe,2008--Hepburn-D-J-Ackland-G-J--Fe-C,bcc
99,105.092,59.463,59.463,0.0,-0.0,0.0,59.463,105.092,59.463,-0.0,0.0,-0.0,59.463,59.463,105.092,-0.0,0.0,0.0,-0.0,-0.0,-0.0,30.659,0.0,0.0,-0.0,-0.0,-0.0,0.0,30.659,0.0,-0.0,-0.0,-0.0,0.0,0.0,30.659,Al,2008--Mendelev-M-I-Kramer-M-J-Becker-C-A-Asta-M--Al,fcc
100,174.475,127.839,127.839,-0.0,0.0,-0.0,127.839,174.475,127.839,-0.0,0.0,-0.0,127.839,127.839,174.475,0.0,0.0,-0.0,-0.0,-0.0,-0.0,84.438,0.0,0.0,-0.0,-0.0,-0.0,0.0,84.438,0.0,-0.0,-0.0,-0.0,0.0,0.0,84.438,Cu,2008--Mendelev-M-I-Kramer-M-J-Becker-C-A-Asta-M--Cu,fcc
101,246.654,200.474,200.474,0.0,0.0,0.0,200.474,246.654,200.474,0.0,0.0,0.0,200.474,200.474,246.654,-0.0,-0.0,-0.0,-0.0,-0.0,-0.0,55.68,0.0,0.0,-0.0,-0.0,-0.0,0.0,55.68,0.0,-0.0,-0.0,-0.0,0.0,0.0,55.68,Pd,2008--Zhou-X-W-Zimmerman-J-A-Wong-B-M-Hoyt-J-J--Pd-H,fcc
102,243.359,145.009,145.009,-0.0,-0.0,0.0,145.009,243.359,145.009,-0.0,-0.0,-0.0,145.009,145.009,243.359,0.0,0.0,-0.0,0.0,-0.0,-0.0,116.037,-0.0,0.0,0.0,-0.0,-0.0,-0.0,116.037,0.0,0.0,-0.0,-0.0,-0.0,-0.0,116.037,Fe,2009--Bonny-G-Pasianot-R-C-Castin-N-Malerba-L--Fe-Cu-Ni,bcc
103,169.876,122.584,122.584,0.0,0.0,0.0,122.584,169.876,122.584,-0.0,0.0,0.0,122.584,122.584,169.876,0.0,0.0,0.0,0.0,-0.0,-0.0,76.206,-0.0,0.0,-0.0,0.0,-0.0,-0.0,76.206,0.0,-0.0,-0.0,0.0,0.0,0.0,76.206,Cu,2009--Bonny-G-Pasianot-R-C-Castin-N-Malerba-L--Fe-Cu-Ni,fcc
104,244.177,148.533,148.533,0.0,-0.0,0.0,148.533,244.177,148.533,-0.0,0.0,-0.0,148.533,148.533,244.177,0.0,-0.0,-0.0,-0.0,-0.0,-0.0,125.47,0.0,-0.0,-0.0,-0.0,-0.0,0.0,125.47,0.0,-0.0,-0.0,0.0,0.0,0.0,125.47,Ni,2009--Bonny-G-Pasianot-R-C-Castin-N-Malerba-L--Fe-Cu-Ni,fcc
105,243.359,145.009,145.009,-0.0,-0.0,0.0,145.009,243.359,145.009,-0.0,-0.0,-0.0,145.009,145.009,243.359,0.0,0.0,-0.0,0.0,-0.0,-0.0,116.037,-0.0,0.0,0.0,-0.0,-0.0,-0.0,116.037,0.0,0.0,-0.0,-0.0,-0.0,-0.0,116.037,Fe,2009--Bonny-G-Pasianot-R-C-Malerba-L--Fe-Ni,bcc
106,17403158719.902,17403157683.045,17403157683.045,0.0,-0.0,-0.0,17403157705.241,17403158742.098,17403157705.241,-0.0,0.0,-0.0,17403157741.374,17403157741.373,17403158778.231,-0.0,-0.0,-0.0,528.975,528.975,528.975,2378.981,-0.0,-0.0,458.884,458.884,458.884,-0.0,2378.981,-0.0,407.299,407.299,407.299,-0.0,-0.0,2378.981,Ni,2009--Bonny-G-Pasianot-R-C-Malerba-L--Fe-Ni,fcc
107,242.172,138.414,138.414,0.0,-0.0,-0.0,138.414,242.172,138.414,0.0,-0.0,0.0,138.414,138.414,242.172,0.0,-0.0,-0.0,0.0,0.0,0.0,121.467,0.0,-0.0,0.0,0.0,-0.0,0.0,121.467,0.0,0.0,0.0,0.0,0.0,-0.0,121.467,Fe,2009--Kim-H-K-Jung-W-S-Lee-B-J--Fe-Ti-C,bcc
108,170.046,80.415,74.785,0.0,-0.0,0.0,77.222,173.239,74.785,0.0,-0.0,0.0,74.785,74.785,187.088,-0.0,-0.0,0.0,-0.0,0.0,-0.0,42.082,-0.0,0.0,-0.0,-0.0,-0.0,-0.0,42.082,0.0,0.0,-0.0,0.0,0.0,-0.0,48.009,Ti,2009--Kim-H-K-Jung-W-S-Lee-B-J--Fe-Ti-C,hcp
109,110.183,61.368,61.368,-0.0,-0.0,0.0,61.368,110.183,61.368,0.0,-0.0,0.0,61.368,61.368,110.183,0.0,-0.0,-0.0,-0.0,-0.0,-0.0,32.563,-0.0,-0.0,-0.0,-0.0,-0.0,0.0,32.563,-0.0,-0.0,-0.0,-0.0,-0.0,-0.0,32.563,Al,2009--Mendelev-M-I-Asta-M-Rahman-M-J-Hoyt-J-J--Al-Mg,fcc
110,69.862,27.099,18.65,0.0,-0.0,-0.0,25.86,71.101,18.65,-0.0,-0.0,-0.0,18.65,18.65,73.409,-0.0,-0.0,-0.0,0.0,0.0,-0.0,15.404,0.0,-0.0,0.0,-0.0,-0.0,-0.0,15.404,-0.0,0.0,0.0,0.0,0.0,-0.0,21.381,Mg,2009--Mendelev-M-I-Asta-M-Rahman-M-J-Hoyt-J-J--Al-Mg,hcp
111,178.232,128.615,128.615,0.0,-0.0,-0.0,128.615,178.232,128.615,-0.0,0.0,-0.0,128.615,128.615,178.232,0.0,-0.0,-0.0,-0.0,0.0,0.0,85.223,0.0,0.0,0.0,0.0,0.0,0.0,85.223,-0.0,0.0,0.0,0.0,0.0,0.0,85.223,Cu,2009--Mendelev-M-I-Kramer-M-J-Ott-R-T-et-al--Cu-Zr,fcc
112,145.077,79.291,54.057,-0.0,0.0,-0.0,63.032,161.336,54.057,0.0,0.0,-0.0,54.057,54.057,177.473,-0.0,0.0,-0.0,0.0,-0.0,0.0,40.13,-0.0,0.0,-0.0,0.0,0.0,-0.0,40.13,-0.0,-0.0,-0.0,0.0,0.0,0.0,32.893,Zr,2009--Mendelev-M-I-Kramer-M-J-Ott-R-T-et-al--Cu-Zr,hcp
113,239.55,135.75,135.75,0.0,0.0,0.0,135.75,239.55,135.75,0.0,0.0,0.0,135.75,135.75,239.55,-0.0,0.0,0.0,-0.0,0.0,-0.0,120.75,0.0,0.0,0.0,-0.0,-0.0,-0.0,120.75,-0.0,0.0,-0.0,-0.0,0.0,0.0,120.75,Fe,2009--Olsson-P-A-T--Fe,bcc
114,232.4,119.345,119.345,-0.0,-0.0,0.0,119.345,232.4,119.345,-0.0,-0.0,-0.0,119.345,119.345,232.4,0.0,0.0,0.0,-0.0,0.0,-0.0,45.966,-0.0,-0.0,0.0,0.0,-0.0,-0.0,45.966,0.0,0.0,0.0,-0.0,-0.0,-0.0,45.966,V,2009--Olsson-P-A-T--V,bcc
115,532.55,204.95,204.95,-0.0,0.0,-0.0,204.95,532.55,204.95,-0.0,0.0,-0.0,204.95,204.95,532.55,-0.0,0.0,0.0,-0.0,-0.0,-0.0,163.13,0.0,0.0,-0.0,-0.0,-0.0,-0.0,163.13,-0.0,-0.0,-0.0,-0.0,-0.0,0.0,163.13,W,2009--Olsson-P-A-T--W,bcc
116,241.321,150.808,150.809,-0.0,0.0,0.0,150.809,241.321,150.809,0.0,-0.0,0.0,150.809,150.808,241.321,0.0,0.0,-0.0,-0.0,-0.0,-0.0,127.34,0.0,0.0,-0.0,-0.0,-0.0,-0.0,127.34,0.0,-0.0,-0.0,-0.0,-0.0,-0.0,127.34,Ni,2009--Purja-Pun-G-P-Mishin-Y--Ni-Al,fcc
117,113.783,61.537,61.537,0.0,0.0,-0.0,61.537,113.783,61.537,0.0,-0.0,-0.0,61.537,61.537,113.783,-0.0,0.0,-0.0,-0.0,-0.0,0.0,31.598,-0.0,-0.0,-0.0,-0.0,0.0,-0.0,31.598,-0.0,-0.0,-0.0,0.0,0.0,0.0,31.598,Al,2009--Purja-Pun-G-P-Mishin-Y--Ni-Al,fcc
118,113.761,61.71,61.71,0.0,-0.0,0.0,61.71,113.761,61.71,-0.0,0.0,-0.0,61.71,61.71,113.761,0.0,0.0,-0.0,-0.0,-0.0,-0.0,31.249,0.0,0.0,-0.0,-0.0,-0.0,-0.0,31.249,0.0,-0.0,-0.0,0.0,-0.0,0.0,31.249,Al,2009--Winey-J-M-Kubota-A-Gupta-Y-M--Al,fcc
119,119.384,89.854,89.854,-0.0,-0.0,-0.0,89.853,119.384,89.854,-0.0,-0.0,0.0,89.853,89.854,119.384,-0.0,-0.0,-0.0,-0.0,-0.0,-0.0,49.657,-0.0,-0.0,-0.0,-0.0,-0.0,-0.0,49.657,-0.0,-0.0,-0.0,0.0,-0.0,-0.0,49.657,Cu,2009--Wu-H-H-Trinkle-D-R--Cu-Ag,fcc
120,115.786,88.166,88.166,0.0,0.0,0.0,88.166,115.786,88.166,0.0,0.0,-0.0,88.166,88.166,115.786,-0.0,-0.0,0.0,0.0,0.0,0.0,44.337,-0.0,-0.0,0.0,0.0,0.0,-0.0,44.337,0.0,0.0,0.0,0.0,0.0,0.0,44.337,Ag,2009--Wu-H-H-Trinkle-D-R--Cu-Ag,fcc
121,105.059,69.831,69.831,0.0,0.0,-0.0,69.831,105.059,69.831,0.0,0.0,0.0,69.831,69.831,105.059,0.0,0.0,0.0,-0.0,0.0,-0.0,44.08,0.0,0.0,0.0,0.0,-0.0,0.0,44.08,0.0,-0.0,-0.0,-0.0,0.0,0.0,44.08,Al,2009--Zhakhovskii-V-V-Inogamov-N-A-Petrov-Y-V-et-al--Al,fcc
122,213.033,162.591,162.591,-0.0,-0.0,0.0,162.591,213.033,162.591,0.0,0.0,0.0,162.591,162.591,213.033,0.0,0.0,0.0,0.0,0.0,0.0,65.407,0.0,0.0,0.0,0.0,0.0,0.0,65.407,0.0,0.0,0.0,0.0,0.0,0.0,65.407,Au,2009--Zhakhovskii-V-V-Inogamov-N-A-Petrov-Y-V-et-al--Au,fcc
123,395792.277,395792.269,395792.269,-0.0,-0.0,-0.0,395792.269,395792.277,395792.269,-0.0,-0.0,-0.0,395792.269,395792.269,395792.277,-0.0,-0.0,-0.0,-0.03,-0.022,-0.03,395792.299,0.0,0.0,-0.022,-0.03,-0.03,0.0,395792.299,0.0,-0.021,-0.029,-0.029,-0.0,-0.0,395792.3,Nb,2010--Fellinger-M-R-Park-H-Wilkins-J-W--Nb,bcc
124,243.365,145.007,145.007,-0.0,-0.0,0.0,145.007,243.365,145.007,-0.0,0.0,0.0,145.007,145.007,243.365,-0.0,0.0,0.0,-0.0,-0.0,-0.0,116.008,-0.0,0.0,-0.0,-0.0,0.0,0.0,116.008,0.0,-0.0,-0.0,-0.0,-0.0,-0.0,116.008,Fe,2010--Malerba-L-Marinica-M-C-Anento-N-et-al--Fe,bcc
125,4674.111,4606.662,4606.662,0.0,-0.0,-0.0,4606.662,4674.111,4606.662,0.0,0.0,-0.0,4606.662,4606.662,4674.111,0.0,0.0,-0.0,0.0,-0.0,0.0,82.593,0.0,0.0,-0.0,-0.0,-0.0,0.0,82.593,0.0,0.0,0.0,0.0,0.0,0.0,82.593,Al,2010--Mendelev-M-I-Rahman-M-J-Hoyt-J-J-Asta-M--fictional-Al-1,fcc
126,103.914,62.814,62.814,-0.0,0.0,0.0,62.814,103.914,62.814,0.0,-0.0,0.0,62.814,62.814,103.914,-0.0,-0.0,0.0,-0.0,-0.0,-0.0,28.579,0.0,-0.0,-0.0,-0.0,-0.0,0.0,28.579,0.0,-0.0,-0.0,-0.0,-0.0,0.0,28.579,Al,2010--Mendelev-M-I-Rahman-M-J-Hoyt-J-J-Asta-M--fictional-Al-2,fcc
127,5676.414,5416.315,5416.314,0.0,0.0,-0.0,5416.315,5676.414,5416.315,0.0,0.0,-0.0,5416.315,5416.315,5676.414,0.0,-0.0,-0.0,0.0,0.0,0.0,399.469,0.0,-0.0,0.0,0.0,0.0,0.0,399.469,-0.0,0.0,0.0,0.0,0.0,-0.0,399.469,Al,2010--Mendelev-M-I-Rahman-M-J-Hoyt-J-J-Asta-M--fictional-Al-3,fcc
128,201.63,169.97,169.97,-0.0,-0.0,0.0,169.97,201.63,169.97,-0.0,-0.0,0.0,169.97,169.97,201.63,-0.0,-0.0,0.0,-0.0,-0.0,-0.0,45.44,-0.0,-0.0,-0.0,-0.0,-0.0,-0.0,45.44,0.0,-0.0,-0.0,-0.0,-0.0,0.0,45.44,Au,2010--Olsson-P-A-T--Au,fcc
129,113.54,61.297,61.297,-0.0,0.0,-0.0,61.297,113.54,61.297,-0.0,-0.0,-0.0,61.297,61.297,113.54,-0.0,-0.0,0.0,0.0,0.0,0.0,31.596,-0.0,0.0,-0.0,0.0,0.0,-0.0,31.596,-0.0,-0.0,0.0,0.0,-0.0,0.0,31.596,Al,2011--Apostol-F-Mishin-Y--Al-Cu,fcc
130,0.0,0.0,0.0,0.0,0.0,0.0,0.0,0.0,0.0,0.0,0.0,-0.0,0.0,0.0,0.0,0.0,0.0,0.0,0.0,-0.0,-0.0,0.0,-0.0,-0.0,-0.0,0.0,-0.0,-0.0,0.0,-0.0,-0.0,-0.0,0.0,-0.0,-0.0,0.0,Cu,2011--Apostol-F-Mishin-Y--Al-Cu,fcc
131,243.359,145.009,145.009,-0.0,-0.0,-0.0,145.009,243.359,145.009,-0.0,0.0,-0.0,145.009,145.009,243.359,-0.0,-0.0,0.0,0.0,-0.0,-0.0,116.037,-0.0,-0.0,0.0,0.0,-0.0,-0.0,116.037,-0.0,0.0,-0.0,-0.0,-0.0,-0.0,116.037,Fe,2011--Bonny-G-Pasianot-R-C-Terentyev-D-Malerba-L--Fe-Cr,bcc
132,319.385,164.025,164.025,0.0,0.0,0.0,164.025,319.385,164.025,-0.0,-0.0,0.0,164.025,164.025,319.385,0.0,0.0,0.0,0.0,0.0,0.0,108.317,-0.0,0.0,0.0,0.0,0.0,0.0,108.317,0.0,0.0,0.0,0.0,-0.0,-0.0,108.317,Cr,2011--Bonny-G-Pasianot-R-C-Terentyev-D-Malerba-L--Fe-Cr,bcc
133,30.442,57.333,57.333,-0.0,-0.0,-0.0,57.333,30.442,57.333,-0.0,-0.0,0.0,57.333,57.333,30.442,-0.0,-0.0,0.0,-0.0,-0.0,-0.0,85.895,-0.0,0.0,-0.0,-0.0,-0.0,-0.0,85.895,-0.0,-0.0,-0.0,-0.0,-0.0,-0.0,85.895,Fe,2011--Bonny-G-Terentyev-D-Pasianot-R-C-et-al--Fe-Ni-Cr,bcc
134,246.93,147.072,147.072,0.0,-0.0,-0.0,147.072,246.93,147.072,-0.0,0.0,0.0,147.072,147.072,246.93,0.0,0.0,-0.0,-0.0,0.0,0.0,125.031,-0.0,0.0,0.0,0.0,0.0,0.0,125.031,-0.0,0.0,0.0,-0.0,-0.0,-0.0,125.031,Ni,2011--Bonny-G-Terentyev-D-Pasianot-R-C-et-al--Fe-Ni-Cr,fcc
135,11.491,11.491,11.491,0.0,0.0,0.0,11.491,11.491,11.491,0.0,0.0,0.0,11.491,11.491,11.491,0.0,0.0,0.0,0.0,0.0,0.0,5.446,0.0,0.0,0.0,0.0,0.0,0.0,5.446,0.0,0.0,0.0,0.0,-0.0,0.0,5.446,Cr,2011--Bonny-G-Terentyev-D-Pasianot-R-C-et-al--Fe-Ni-Cr,bcc
136,243.584,138.443,138.443,-0.0,0.0,0.0,138.443,243.584,138.443,-0.0,0.0,0.0,138.443,138.443,243.584,-0.0,0.0,0.0,-0.0,0.0,0.0,122.22,0.0,0.0,0.0,-0.0,0.0,0.0,122.22,0.0,0.0,0.0,-0.0,-0.0,0.0,122.22,Fe,2011--Chiesa-S-Derlet-P-M-Dudarev-S-L-Swygenhoven-H-V--Fe-33,bcc
137,33.421,21.48,21.48,0.0,0.0,0.0,21.48,33.421,21.48,0.0,-0.0,-0.0,21.48,21.48,33.421,0.0,0.0,-0.0,-0.0,-0.0,-0.0,21.48,-0.0,-0.0,0.0,-0.0,-0.0,-0.0,21.48,-0.0,-0.0,-0.0,-0.0,0.0,-0.0,21.48,Li,2011--Zhou-X-W-Doty-F-P-Yang-P--Li-Na-K-Rb-Cs-F-Cl-Br-I,bcc
138,23.4,15.675,15.675,-0.0,0.0,0.0,15.675,23.4,15.675,-0.0,-0.0,0.0,15.675,15.675,23.4,-0.0,0.0,0.0,-0.0,-0.0,-0.0,15.675,0.0,0.0,-0.0,-0.0,-0.0,0.0,15.675,0.0,-0.0,-0.0,-0.0,-0.0,0.0,15.675,Na,2011--Zhou-X-W-Doty-F-P-Yang-P--Li-Na-K-Rb-Cs-F-Cl-Br-I,bcc
139,18.089,12.798,12.798,-0.0,-0.0,0.0,12.798,18.089,12.798,-0.0,-0.0,-0.0,12.798,12.798,18.089,-0.0,-0.0,0.0,-0.0,0.0,-0.0,12.798,-0.0,0.0,0.0,-0.0,-0.0,-0.0,12.798,0.0,0.0,0.0,-0.0,-0.0,-0.0,12.798,K,2011--Zhou-X-W-Doty-F-P-Yang-P--Li-Na-K-Rb-Cs-F-Cl-Br-I,bcc
140,15.007,10.697,10.697,0.0,0.0,0.0,10.697,15.007,10.697,0.0,0.0,0.0,10.697,10.697,15.007,0.0,0.0,0.0,-0.0,-0.0,0.0,10.697,0.0,0.0,0.0,-0.0,0.0,0.0,10.697,0.0,-0.0,-0.0,0.0,0.0,0.0,10.697,Rb,2011--Zhou-X-W-Doty-F-P-Yang-P--Li-Na-K-Rb-Cs-F-Cl-Br-I,bcc
141,247.021,147.299,147.299,0.0,0.0,0.0,147.299,247.021,147.299,0.0,0.0,-0.0,147.299,147.299,247.021,-0.0,-0.0,0.0,-0.0,-0.0,-0.0,122.773,0.0,-0.0,-0.0,-0.0,-0.0,0.0,122.773,-0.0,-0.0,-0.0,-0.0,0.0,-0.0,122.773,Ni,2012--Mendelev-M-I-Kramer-M-J-Hao-S-G-et-al--Ni-Zr,fcc
142,145.309,79.311,54.342,0.0,-0.0,0.0,63.101,161.519,54.342,0.0,0.0,-0.0,54.342,54.342,178.86,0.0,-0.0,0.0,-0.0,-0.0,-0.0,40.402,-0.0,-0.0,0.0,0.0,-0.0,0.0,40.402,0.0,-0.0,-0.0,-0.0,0.0,0.0,32.999,Zr,2012--Mendelev-M-I-Kramer-M-J-Hao-S-G-et-al--Ni-Zr,hcp
143,55.166,27.67,27.67,0.0,-0.0,-0.0,27.67,55.166,27.67,-0.0,0.0,0.0,27.67,27.67,55.166,0.0,0.0,0.0,0.0,0.0,0.0,27.496,0.0,0.0,0.0,0.0,0.0,0.0,27.496,0.0,0.0,0.0,0.0,0.0,0.0,27.496,Au,2012--Norman-G-E-Starikov-S-V-Stegailov-V-V--Au,fcc
144,423.283,143.104,143.104,-0.0,0.0,-0.0,143.104,423.283,143.104,0.0,-0.0,-0.0,143.104,143.104,423.283,0.0,-0.0,-0.0,0.0,0.0,-0.0,95.474,-0.0,-0.0,0.0,0.0,-0.0,-0.0,95.474,-0.0,0.0,0.0,-0.0,-0.0,-0.0,95.474,Mo,2012--Park-H-Fellinger-M-R-Lenosky-T-J-et-al--Mo,bcc
145,243.389,145.008,145.008,0.0,0.0,0.0,145.008,243.389,145.008,0.0,0.0,0.0,145.008,145.008,243.389,0.0,0.0,0.0,0.0,0.0,-0.0,115.988,-0.0,0.0,-0.0,-0.0,0.0,-0.0,115.988,0.0,-0.0,-0.0,0.0,-0.0,-0.0,115.988,Fe,2012--Proville-L-Rodney-D-Marinica-M-C--Fe,bcc
146,323.839,134.939,120.578,0.0,-0.0,0.0,146.365,312.413,120.578,0.0,0.0,-0.0,120.578,120.578,343.753,0.0,0.0,-0.0,-0.0,0.0,-0.0,82.6,-0.0,0.0,-0.0,0.0,-0.0,0.0,82.6,-0.0,-0.0,-0.0,-0.0,0.0,-0.0,94.45,Co,2012--Purja-Pun-G-P-Mishin-Y--Co,hcp
147,55.698,29.874,29.874,0.0,-0.0,-0.0,29.874,55.698,29.874,-0.0,0.0,-0.0,29.874,29.874,55.698,0.0,-0.0,-0.0,0.0,-0.0,0.0,8.982,-0.0,-0.0,0.0,0.0,0.0,0.0,8.982,-0.0,0.0,0.0,0.0,0.0,0.0,8.982,Al,2012--Schopf-D-Brommer-P-Frigan-B-Trebin-H-R--Al-Mn-Pd,fcc
148,678.355,243.039,243.039,0.0,0.0,0.0,243.039,678.355,243.039,-0.0,-0.0,-0.0,243.039,243.039,678.355,-0.0,-0.0,0.0,0.0,-0.0,0.0,94.12,-0.0,0.0,-0.0,-0.0,0.0,-0.0,94.12,-0.0,-0.0,-0.0,0.0,-0.0,-0.0,94.12,Pd,2012--Schopf-D-Brommer-P-Frigan-B-Trebin-H-R--Al-Mn-Pd,fcc
149,27585134.878,27584954.117,24726473.317,0.0,-0.0,0.0,27584949.204,27585139.35,24726473.119,-0.001,-0.0,0.0,24726475.933,24726475.933,22164743.49,-0.0,-0.0,-0.0,-0.379,-0.379,-0.339,122.021,-0.0,-0.0,-0.417,-0.417,-0.374,-0.0,122.021,-0.0,-0.529,-0.528,-0.474,0.0,-0.0,166.867,Be,2013--Agrawal-A-Mishra-R-Ward-L-et-al--Be,hcp
150,243.359,145.009,145.009,-0.0,-0.0,-0.0,145.009,243.359,145.009,-0.0,0.0,-0.0,145.009,145.009,243.359,-0.0,-0.0,0.0,0.0,-0.0,-0.0,116.037,-0.0,-0.0,0.0,0.0,-0.0,-0.0,116.037,-0.0,0.0,-0.0,-0.0,-0.0,-0.0,116.037,Fe,2013--Bonny-G-Castin-N-Bullens-J-et-al--Fe-Cr-W,bcc
151,319.385,164.025,164.025,0.0,0.0,0.0,164.025,319.385,164.025,-0.0,-0.0,0.0,164.025,164.025,319.385,0.0,0.0,0.0,0.0,0.0,0.0,108.317,-0.0,0.0,0.0,0.0,0.0,0.0,108.317,0.0,0.0,0.0,0.0,-0.0,-0.0,108.317,Cr,2013--Bonny-G-Castin-N-Bullens-J-et-al--Fe-Cr-W,bcc
152,522.413,204.391,204.391,-0.0,-0.0,0.0,204.391,522.413,204.391,-0.0,-0.0,-0.0,204.391,204.391,522.413,-0.0,-0.0,0.0,-0.0,-0.0,-0.0,160.588,-0.0,-0.0,-0.0,-0.0,-0.0,-0.0,160.588,0.0,-0.0,-0.0,-0.0,-0.0,-0.0,160.588,W,2013--Bonny-G-Castin-N-Bullens-J-et-al--Fe-Cr-W,bcc
153,185.217,153.828,153.828,-0.0,0.0,0.0,153.828,185.217,153.828,-0.0,0.0,0.0,153.828,153.828,185.217,-0.0,0.0,0.0,-0.0,-0.0,0.0,109.519,0.0,0.0,-0.0,-0.0,0.0,0.0,109.519,0.0,-0.0,-0.0,-0.0,0.0,0.0,109.519,Fe,2013--Bonny-G-Castin-N-Terentyev-D--Fe-Ni-Cr,bcc
154,247.113,144.161,144.161,-0.0,-0.0,-0.0,144.161,247.113,144.161,-0.0,-0.0,-0.0,144.161,144.161,247.113,-0.0,0.0,-0.0,-0.0,-0.0,-0.0,107.641,-0.0,-0.0,-0.0,-0.0,-0.0,-0.0,107.641,-0.0,-0.0,-0.0,0.0,-0.0,-0.0,107.641,Ni,2013--Bonny-G-Castin-N-Terentyev-D--Fe-Ni-Cr,fcc
155,-0.523,55.281,55.281,0.0,-0.0,0.0,55.281,-0.523,55.281,0.0,-0.0,0.0,55.281,55.281,-0.523,0.0,-0.0,0.0,-0.0,0.0,0.0,43.725,-0.0,-0.0,0.0,-0.0,0.0,0.0,43.725,0.0,0.0,0.0,0.0,0.0,-0.0,43.725,Cr,2013--Bonny-G-Castin-N-Terentyev-D--Fe-Ni-Cr,bcc
156,246.653,200.476,200.476,0.0,0.0,0.0,200.476,246.653,200.476,0.0,0.0,0.0,200.476,200.476,246.653,0.0,0.0,0.0,0.0,0.0,-0.0,55.68,0.0,-0.0,-0.0,0.0,-0.0,0.0,55.68,-0.0,-0.0,0.0,0.0,0.0,-0.0,55.68,Pd,2013--Hale-L-M-Wong-B-M-Zimmerman-J-A-Zhou-X-W--Pd-Ag-H-Hybrid,fcc
157,124.243,93.875,93.875,-0.0,-0.0,-0.0,93.875,124.243,93.875,-0.0,-0.0,0.0,93.875,93.875,124.243,-0.0,-0.0,0.0,-0.0,-0.0,-0.0,46.422,-0.0,0.0,-0.0,-0.0,-0.0,-0.0,46.422,0.0,-0.0,-0.0,-0.0,0.0,0.0,46.422,Ag,2013--Hale-L-M-Wong-B-M-Zimmerman-J-A-Zhou-X-W--Pd-Ag-H-Hybrid,fcc
158,246.653,200.476,200.476,0.0,0.0,0.0,200.476,246.653,200.476,0.0,0.0,0.0,200.476,200.476,246.653,0.0,0.0,0.0,0.0,0.0,-0.0,55.68,0.0,-0.0,-0.0,0.0,-0.0,0.0,55.68,-0.0,-0.0,0.0,0.0,0.0,-0.0,55.68,Pd,2013--Hale-L-M-Wong-B-M-Zimmerman-J-A-Zhou-X-W--Pd-Ag-H-Morse,fcc
159,124.244,93.876,93.876,-0.0,0.0,0.0,93.876,124.244,93.876,0.0,0.0,0.0,93.876,93.876,124.244,-0.0,-0.0,-0.0,0.0,-0.0,-0.0,46.422,0.0,-0.0,-0.0,-0.0,-0.0,0.0,46.422,-0.0,-0.0,-0.0,-0.0,0.0,-0.0,46.422,Ag,2013--Hale-L-M-Wong-B-M-Zimmerman-J-A-Zhou-X-W--Pd-Ag-H-Morse,fcc
160,218.665,142.27,142.27,-0.0,-0.0,-0.0,142.27,218.665,142.27,-0.0,-0.0,0.0,142.27,142.27,218.665,0.0,-0.0,-0.0,-0.0,-0.0,0.0,129.952,-0.0,-0.0,-0.0,-0.0,0.0,-0.0,129.952,-0.0,-0.0,-0.0,0.0,-0.0,0.0,129.952,Fe,2013--Henriksson-K-O-E-Bjorkas-C-Nordlund-K--Fe-C,bcc
161,522.997,202.989,202.989,0.0,-0.0,0.0,202.989,522.997,202.989,0.0,-0.0,0.0,202.989,202.989,522.997,0.0,-0.0,0.0,-0.0,0.0,-0.0,160.009,-0.0,0.0,0.0,-0.0,-0.0,0.0,160.009,0.0,0.0,-0.0,-0.0,0.0,-0.0,160.009,W,2013--Marinica-M-C-Ventelon-L-Gilbert-M-R-et-al--W-2,bcc
162,473.741,192.266,192.266,0.0,-0.0,-0.0,192.266,473.741,192.266,-0.0,-0.0,-0.0,192.266,192.266,473.741,0.0,0.0,-0.0,-0.0,-0.0,-0.0,148.021,0.0,0.0,-0.0,-0.0,-0.0,-0.0,148.021,-0.0,-0.0,-0.0,-0.0,0.0,-0.0,148.021,W,2013--Marinica-M-C-Ventelon-L-Gilbert-M-R-et-al--W-3,bcc
163,523.043,202.185,202.185,-0.0,0.0,0.0,202.185,523.043,202.185,-0.0,0.0,0.0,202.185,202.185,523.043,0.0,0.0,0.0,-0.0,-0.0,-0.0,160.88,0.0,0.0,-0.0,-0.0,-0.0,-0.0,160.88,-0.0,-0.0,-0.0,-0.0,-0.0,0.0,160.88,W,2013--Marinica-M-C-Ventelon-L-Gilbert-M-R-et-al--W-4,bcc
164,174.128,127.19,127.19,-0.0,0.0,-0.0,127.19,174.128,127.19,0.0,-0.0,-0.0,127.19,127.19,174.128,-0.0,-0.0,-0.0,-0.0,-0.0,-0.0,83.718,0.0,0.0,-0.0,-0.0,-0.0,-0.0,83.718,-0.0,-0.0,-0.0,-0.0,-0.0,0.0,83.718,Cu,2013--Mendelev-M-I-King-A-H--Cu,fcc
165,173.007,125.38,125.38,0.0,-0.0,0.0,125.38,173.007,125.38,0.0,0.0,0.0,125.38,125.38,173.008,0.0,0.0,0.0,0.0,0.0,0.0,78.833,-0.0,-0.0,0.0,0.0,0.0,0.0,78.833,0.0,0.0,0.0,0.0,0.0,-0.0,78.833,Cu,2013--Onat-B-Durukanoglu-S--Cu-Ni,fcc
166,247.022,147.995,147.995,-0.0,-0.0,-0.0,147.995,247.022,147.995,0.0,-0.0,0.0,147.995,147.995,247.022,-0.0,-0.0,-0.0,0.0,-0.0,-0.0,125.522,0.0,-0.0,-0.0,0.0,-0.0,0.0,125.522,-0.0,-0.0,-0.0,-0.0,0.0,-0.0,125.522,Ni,2013--Onat-B-Durukanoglu-S--Cu-Ni,fcc
167,262.563,160.699,160.699,-0.0,0.0,0.0,160.699,262.563,160.699,-0.0,0.0,0.0,160.699,160.699,262.563,-0.0,0.0,0.0,-0.0,0.0,0.0,81.805,0.0,0.0,0.0,0.0,0.0,-0.0,81.805,0.0,0.0,0.0,-0.0,0.0,0.0,81.805,Ta,2013--Ravelo-R-Germann-T-C-Guerrero-O-et-al--Ta-1,bcc
168,266.89,160.431,160.431,-0.0,-0.0,-0.0,160.431,266.89,160.431,0.0,-0.0,-0.0,160.431,160.431,266.89,-0.0,-0.0,-0.0,-0.0,-0.0,-0.0,86.009,-0.0,0.0,-0.0,-0.0,-0.0,-0.0,86.009,-0.0,-0.0,-0.0,-0.0,0.0,-0.0,86.009,Ta,2013--Ravelo-R-Germann-T-C-Guerrero-O-et-al--Ta-2,bcc
169,568.396,230.625,230.625,0.0,-0.0,-0.0,230.625,568.396,230.625,0.0,-0.0,-0.0,230.625,230.625,568.396,0.0,-0.0,-0.0,-0.0,0.0,0.0,169.442,-0.0,-0.0,0.0,-0.0,0.0,0.0,169.442,-0.0,0.0,0.0,0.0,0.0,-0.0,169.442,Mo,2013--Smirnova-D-E-Kuksin-A-Y-Starikov-S-V-et-al--U-Mo-Xe,bcc
170,26.074,14.209,14.209,0.0,-0.0,-0.0,14.209,26.074,14.209,-0.0,0.0,0.0,14.209,14.209,26.074,0.0,0.0,0.0,0.0,0.0,0.0,11.865,0.0,0.0,0.0,0.0,0.0,0.0,11.865,-0.0,0.0,0.0,0.0,0.0,-0.0,11.865,Xe,2013--Smirnova-D-E-Kuksin-A-Y-Starikov-S-V-et-al--U-Mo-Xe,fcc
171,127.78,34.506,24.186,0.0,0.0,0.0,32.815,129.472,24.186,-0.0,0.0,0.0,24.186,24.186,138.975,-0.0,-0.0,-0.0,0.0,-0.0,0.0,40.211,0.0,0.0,0.0,-0.0,-0.0,0.0,40.211,0.0,0.0,-0.0,-0.0,-0.0,-0.0,46.637,Zn,2013--Ward-D-K-Zhou-X-Wong-B-M-Doty-F-P--Cd-Te-Zn,hcp
172,525.11,379.24,347.133,0.0,0.0,0.0,406.659,497.691,347.133,-0.0,-0.0,-0.0,347.133,347.133,557.217,-0.0,-0.0,-0.0,0.0,-0.0,-0.0,41.818,-0.0,0.0,0.0,-0.0,-0.0,-0.0,41.818,0.0,0.0,-0.0,-0.0,-0.0,-0.0,45.516,Zn,2013--Zhou-X-W-Ward-D-K-Martin-J-E-et-al--Zn-Cd-Hg-S-Se-Te,hcp
173,296.021,242.739,207.188,-0.0,-0.0,-0.0,242.739,296.021,207.188,-0.0,-0.0,-0.0,207.188,207.188,331.572,0.0,-0.0,-0.0,0.0,0.0,0.0,24.592,-0.0,-0.0,0.0,0.0,0.0,-0.0,24.592,-0.0,0.0,0.0,0.0,-0.0,-0.0,26.641,Cd,2013--Zhou-X-W-Ward-D-K-Martin-J-E-et-al--Zn-Cd-Hg-S-Se-Te,hcp
174,516.383,433.975,370.005,0.0,0.0,-0.0,433.975,516.383,370.005,0.0,0.0,-0.0,370.005,370.005,580.353,0.0,0.0,-0.0,0.0,0.0,0.0,39.608,0.0,-0.0,0.0,0.0,0.0,0.0,39.608,-0.0,0.0,0.0,0.0,0.0,0.0,71.849,Se,2013--Zhou-X-W-Ward-D-K-Martin-J-E-et-al--Zn-Cd-Hg-S-Se-Te,hcp
175,333.572,309.85,260.622,-0.0,-0.0,0.0,309.85,333.572,260.622,-0.0,-0.0,0.0,260.622,260.622,382.799,-0.0,-0.0,0.0,-0.0,0.0,-0.0,18.409,-0.0,0.0,0.0,0.0,-0.0,-0.0,18.409,0.0,0.0,-0.0,-0.0,-0.0,-0.0,11.861,Te,2013--Zhou-X-W-Ward-D-K-Martin-J-E-et-al--Zn-Cd-Hg-S-Se-Te,hcp
176,212.879,143.307,143.307,0.0,0.0,0.0,143.307,212.879,143.307,0.0,0.0,-0.0,143.307,143.307,212.879,-0.0,-0.0,0.0,-0.0,-0.0,-0.0,118.503,0.0,0.0,-0.0,-0.0,-0.0,0.0,118.503,0.0,-0.0,-0.0,-0.0,0.0,0.0,118.503,Fe,2014--Liyanage-L-S-I-Kim-S-G-Houze-J-et-al--Fe-C,bcc
177,176.887,127.015,127.015,-0.0,-0.0,-0.0,127.015,176.887,127.015,-0.0,-0.0,-0.0,127.015,127.015,176.887,-0.0,-0.0,-0.0,-0.0,-0.0,-0.0,81.846,-0.0,-0.0,-0.0,-0.0,-0.0,-0.0,81.846,-0.0,-0.0,-0.0,-0.0,-0.0,-0.0,81.846,Cu,2015--Asadi-E-Zaeem-M-A-Nouranian-S-Baskes-M-I--Cu,fcc
178,231.27,134.508,134.508,-0.0,-0.0,0.0,134.508,231.27,134.508,-0.0,-0.0,0.0,134.508,134.508,231.27,0.0,-0.0,0.0,-0.0,0.0,-0.0,116.19,-0.0,0.0,0.0,-0.0,-0.0,0.0,116.19,0.0,0.0,-0.0,-0.0,0.0,0.0,116.19,Fe,2015--Asadi-E-Zaeem-M-A-Nouranian-S-Baskes-M-I--Fe,bcc
179,260.442,150.684,150.684,0.0,0.0,0.0,150.684,260.442,150.684,0.0,0.0,0.0,150.684,150.684,260.442,0.0,0.0,0.0,0.0,-0.0,-0.0,131.004,0.0,0.0,-0.0,0.0,-0.0,0.0,131.004,0.0,-0.0,-0.0,0.0,0.0,0.0,131.004,Ni,2015--Asadi-E-Zaeem-M-A-Nouranian-S-Baskes-M-I--Ni,fcc
180,172.919,128.002,128.002,0.0,-0.0,-0.0,128.002,172.919,128.002,0.0,0.0,0.0,128.002,128.002,172.919,0.0,-0.0,-0.0,0.0,0.0,-0.0,83.72,0.0,-0.0,0.0,0.0,-0.0,0.0,83.72,-0.0,0.0,-0.0,0.0,-0.0,0.0,83.72,Cu,2015--Borovikov-V-Mendelev-M-I-King-A-H-LeSar-R--fictional-Cu-1,fcc
181,173.72,127.408,127.408,-0.0,-0.0,0.0,127.408,173.72,127.408,-0.0,-0.0,-0.0,127.408,127.408,173.72,0.0,-0.0,0.0,-0.0,-0.0,-0.0,83.857,0.0,-0.0,0.0,-0.0,-0.0,-0.0,83.857,-0.0,-0.0,-0.0,-0.0,-0.0,-0.0,83.857,Cu,2015--Borovikov-V-Mendelev-M-I-King-A-H-LeSar-R--fictional-Cu-2,fcc
182,174.128,127.19,127.19,-0.0,-0.0,-0.0,127.19,174.128,127.19,-0.0,-0.0,-0.0,127.19,127.19,174.128,0.0,0.0,-0.0,-0.0,-0.0,-0.0,83.718,-0.0,-0.0,-0.0,-0.0,-0.0,-0.0,83.718,-0.0,-0.0,-0.0,-0.0,-0.0,-0.0,83.718,Cu,2015--Borovikov-V-Mendelev-M-I-King-A-H-LeSar-R--fictional-Cu-3,fcc
183,174.497,126.991,126.991,-0.0,-0.0,-0.0,126.991,174.497,126.991,-0.0,-0.0,-0.0,126.991,126.991,174.497,0.0,-0.0,-0.0,-0.0,-0.0,-0.0,83.591,-0.0,-0.0,-0.0,-0.0,-0.0,-0.0,83.591,-0.0,-0.0,-0.0,-0.0,-0.0,-0.0,83.591,Cu,2015--Borovikov-V-Mendelev-M-I-King-A-H-LeSar-R--fictional-Cu-4,fcc
184,175.255,126.644,126.644,0.0,0.0,0.0,126.644,175.255,126.644,0.0,0.0,0.0,126.644,126.644,175.255,0.0,0.0,0.0,0.0,-0.0,-0.0,83.534,0.0,0.0,0.0,0.0,-0.0,0.0,83.534,0.0,0.0,-0.0,0.0,0.0,-0.0,83.534,Cu,2015--Borovikov-V-Mendelev-M-I-King-A-H-LeSar-R--fictional-Cu-5,fcc
185,176.947,125.776,125.776,-0.0,0.0,-0.0,125.776,176.947,125.776,0.0,0.0,0.0,125.776,125.776,176.947,0.0,0.0,-0.0,-0.0,0.0,-0.0,83.378,0.0,0.0,-0.0,-0.0,-0.0,0.0,83.378,-0.0,-0.0,-0.0,-0.0,-0.0,0.0,83.378,Cu,2015--Borovikov-V-Mendelev-M-I-King-A-H-LeSar-R--fictional-Cu-6,fcc
186,177.514,125.238,125.238,-0.0,-0.0,0.0,125.238,177.514,125.238,-0.0,-0.0,0.0,125.238,125.238,177.514,-0.0,-0.0,-0.0,-0.0,-0.0,-0.0,83.042,-0.0,-0.0,-0.0,-0.0,-0.0,-0.0,83.042,-0.0,-0.0,-0.0,-0.0,-0.0,-0.0,83.042,Cu,2015--Borovikov-V-Mendelev-M-I-King-A-H-LeSar-R--fictional-Cu-7,fcc
187,260.354,148.604,148.604,0.0,-0.0,-0.0,148.604,260.354,148.604,-0.0,0.0,0.0,148.604,148.604,260.354,-0.0,0.0,0.0,-0.0,-0.0,-0.0,111.113,-0.0,-0.0,-0.0,-0.0,-0.0,-0.0,111.113,0.0,-0.0,-0.0,-0.0,-0.0,-0.0,111.113,Ni,2015--Ko-W-S-Grabowski-B-Neugebauer-J--Ni-Ti,fcc
188,173.4,96.9,66.374,0.0,-0.0,0.0,80.225,190.076,66.374,-0.0,-0.0,-0.0,66.374,66.374,202.844,0.0,0.0,0.0,0.0,0.0,0.0,39.339,-0.0,0.0,0.0,0.0,-0.0,-0.0,39.339,-0.0,0.0,-0.0,0.0,0.0,-0.0,38.25,Ti,2015--Ko-W-S-Grabowski-B-Neugebauer-J--Ni-Ti,hcp
189,117.135,63.056,63.056,-0.0,0.0,-0.0,63.056,117.135,63.056,0.0,0.0,-0.0,63.056,63.056,117.135,-0.0,0.0,-0.0,0.0,-0.0,-0.0,40.903,0.0,-0.0,-0.0,-0.0,-0.0,-0.0,40.903,-0.0,-0.0,-0.0,0.0,-0.0,0.0,40.903,Al,2015--Mendelev-M-I-Zhang-F-Ye-Z-et-al--Al-Sm,fcc
190,113.539,61.567,61.567,0.0,0.0,0.0,61.567,113.539,61.567,0.0,0.0,0.0,61.567,61.567,113.539,0.0,0.0,0.0,-0.0,-0.0,-0.0,45.409,0.0,0.0,-0.0,0.0,-0.0,0.0,45.409,-0.0,-0.0,-0.0,0.0,0.0,-0.0,45.409,Al,2015--Pascuet-M-I-Fernandez-J-R--Al-U,fcc
191,169.897,122.621,122.621,0.0,0.0,-0.0,122.621,169.897,122.621,0.0,0.0,0.0,122.621,122.621,169.897,0.0,0.0,0.0,0.0,-0.0,-0.0,76.189,0.0,0.0,-0.0,-0.0,-0.0,-0.0,76.189,0.0,-0.0,-0.0,0.0,0.0,0.0,76.189,Cu,2015--Purja-Pun-G-P-Darling-K-A-Kecskes-L-J-Mishin-Y--Cu-Ta,fcc
192,268.906,157.598,157.598,-0.0,0.0,0.0,157.598,268.906,157.598,-0.0,0.0,0.0,157.598,157.598,268.906,-0.0,0.0,0.0,-0.0,-0.0,-0.0,90.415,0.0,0.0,-0.0,-0.0,0.0,0.0,90.415,0.0,-0.0,-0.0,-0.0,-0.0,0.0,90.415,Ta,2015--Purja-Pun-G-P-Darling-K-A-Kecskes-L-J-Mishin-Y--Cu-Ta,bcc
193,268.893,157.587,157.587,-0.0,-0.0,0.0,157.587,268.893,157.587,-0.0,-0.0,0.0,157.587,157.587,268.893,-0.0,-0.0,-0.0,-0.0,-0.0,-0.0,90.414,-0.0,-0.0,-0.0,-0.0,-0.0,0.0,90.414,0.0,-0.0,-0.0,0.0,-0.0,-0.0,90.414,Ta,2015--Purja-Pun-G-P-Darling-K-A-Kecskes-L-J-Mishin-Y--Ta,bcc
194,113.786,61.539,61.539,-0.0,-0.0,0.0,61.539,113.786,61.539,0.0,-0.0,0.0,61.539,61.539,113.786,0.0,-0.0,0.0,0.0,0.0,0.0,31.6,-0.0,0.0,0.0,0.0,0.0,-0.0,31.6,0.0,0.0,0.0,0.0,-0.0,-0.0,31.6,Al,2015--Purja-Pun-G-P-Yamakov-V-Mishin-Y--Al-Co,fcc
195,312.748,146.493,119.872,0.0,0.0,-0.0,135.037,324.204,119.872,0.0,-0.0,0.0,120.024,120.024,331.432,0.0,0.0,-0.0,0.0,-0.0,-0.0,82.466,-0.0,-0.0,0.0,-0.0,-0.0,0.0,82.466,0.0,-0.0,-0.0,0.0,0.0,-0.0,94.583,Co,2015--Purja-Pun-G-P-Yamakov-V-Mishin-Y--Al-Co,hcp
196,241.338,150.822,150.822,0.0,0.0,-0.0,150.822,241.338,150.822,0.0,-0.0,0.0,150.822,150.822,241.338,0.0,0.0,0.0,-0.0,-0.0,-0.0,127.344,0.0,0.0,-0.0,-0.0,-0.0,0.0,127.344,0.0,-0.0,-0.0,0.0,0.0,0.0,127.344,Ni,2015--Purja-Pun-G-P-Yamakov-V-Mishin-Y--Ni-Al-Co,fcc
197,113.781,61.537,61.537,-0.0,-0.0,0.0,61.537,113.781,61.537,-0.0,-0.0,0.0,61.537,61.537,113.781,-0.0,-0.0,0.0,0.0,-0.0,0.0,31.597,-0.0,-0.0,0.0,-0.0,0.0,-0.0,31.597,0.0,-0.0,-0.0,-0.0,-0.0,-0.0,31.597,Al,2015--Purja-Pun-G-P-Yamakov-V-Mishin-Y--Ni-Al-Co,fcc
198,336.689,170.508,976.591,-0.0,-0.0,-0.0,170.508,336.689,976.591,-0.0,-0.0,-0.0,976.542,976.542,30723.102,-0.0,-0.0,-0.0,-0.001,-0.002,-0.05,938.455,-0.0,-0.0,-0.002,-0.001,-0.05,-0.0,938.455,-0.0,0.0,-0.0,-0.0,-0.0,0.0,83.091,Co,2015--Purja-Pun-G-P-Yamakov-V-Mishin-Y--Ni-Al-Co,hcp
199,241.338,150.822,150.822,0.0,0.0,-0.0,150.822,241.338,150.822,0.0,-0.0,0.0,150.822,150.822,241.338,0.0,0.0,0.0,-0.0,-0.0,-0.0,127.344,0.0,0.0,-0.0,-0.0,-0.0,0.0,127.344,0.0,-0.0,-0.0,0.0,0.0,0.0,127.344,Ni,2015--Purja-Pun-G-P-Yamakov-V-Mishin-Y--Ni-Co,fcc
200,336.689,170.508,976.591,-0.0,-0.0,-0.0,170.508,336.689,976.591,-0.0,-0.0,-0.0,976.542,976.542,30723.102,-0.0,-0.0,-0.0,-0.001,-0.002,-0.05,938.455,-0.0,-0.0,-0.002,-0.001,-0.05,-0.0,938.455,-0.0,0.0,-0.0,-0.0,-0.0,0.0,83.091,Co,2015--Purja-Pun-G-P-Yamakov-V-Mishin-Y--Ni-Co,hcp
201,8.214,6.802,6.802,0.0,0.0,-0.0,6.802,8.214,6.802,0.0,0.0,-0.0,6.802,6.802,8.214,-0.0,-0.0,-0.0,0.0,0.0,-0.0,5.803,-0.0,-0.0,0.0,-0.0,-0.0,-0.0,5.803,-0.0,0.0,-0.0,0.0,0.0,0.0,5.803,Na,2015--Wilson-S-R-Gunawardana-K-G-S-H-Mendelev-M-I--fictional-Na-2,bcc
202,7.781,6.756,6.756,0.0,0.0,-0.0,6.756,7.781,6.756,0.0,0.0,-0.0,6.756,6.756,7.781,0.0,-0.0,-0.0,0.0,0.0,-0.0,5.759,0.0,-0.0,0.0,0.0,-0.0,0.0,5.759,0.0,0.0,0.0,0.0,0.0,0.0,5.759,Na,2015--Wilson-S-R-Gunawardana-K-G-S-H-Mendelev-M-I--fictional-Na-3,bcc
203,4008.013,3947.695,3947.695,0.0,-0.0,-0.0,3947.695,4008.013,3947.695,-0.0,-0.0,-0.0,3947.695,3947.695,4008.013,-0.0,-0.0,-0.0,0.001,0.001,0.001,327.162,-0.0,-0.0,0.001,0.001,0.001,-0.0,327.162,0.0,0.001,0.001,0.001,0.0,-0.0,327.162,Na,2015--Wilson-S-R-Gunawardana-K-G-S-H-Mendelev-M-I--Na,bcc
204,247.021,147.299,147.299,0.0,0.0,0.0,147.299,247.021,147.299,0.0,0.0,-0.0,147.299,147.299,247.021,-0.0,-0.0,0.0,-0.0,-0.0,-0.0,122.773,0.0,-0.0,-0.0,-0.0,-0.0,0.0,122.773,-0.0,-0.0,-0.0,-0.0,0.0,-0.0,122.773,Ni,2015--Wilson-S-R-Mendelev-M-I--Ni-Zr,fcc
205,145.309,79.311,54.342,0.0,-0.0,0.0,63.101,161.519,54.342,0.0,0.0,-0.0,54.342,54.342,178.86,0.0,-0.0,0.0,-0.0,-0.0,0.0,40.402,0.0,-0.0,0.0,-0.0,0.0,0.0,40.402,-0.0,-0.0,-0.0,-0.0,0.0,0.0,32.999,Zr,2015--Wilson-S-R-Mendelev-M-I--Ni-Zr,hcp
206,954.438,512.865,512.865,-0.0,-0.0,0.0,512.865,954.438,512.865,0.0,-0.0,0.0,512.865,512.865,954.438,0.0,-0.0,0.0,0.0,-0.0,-0.0,470.169,-0.0,0.0,-0.0,0.0,-0.0,-0.0,470.169,0.0,-0.0,-0.0,-0.0,-0.0,-0.0,470.169,Cu,2015--Zhou-X-W-Ward-D-K-Foster-M-E--C-Cu,fcc
207,176.135,124.888,124.888,0.0,0.0,0.0,124.888,176.135,124.888,0.0,-0.0,0.0,124.888,124.888,176.135,0.0,-0.0,0.0,0.0,-0.0,-0.0,82.041,0.0,0.0,0.0,0.0,-0.0,0.0,82.041,0.0,0.0,-0.0,-0.0,0.0,0.0,82.041,Cu,2015--Zhou-X-W-Ward-D-K-Foster-M-Zimmerman-J-A--Cu-H,fcc
208,241.216,150.748,150.748,0.0,-0.0,0.0,150.748,241.216,150.748,0.0,-0.0,0.0,150.748,150.748,241.216,0.0,0.0,0.0,-0.0,-0.0,-0.0,127.274,-0.0,0.0,-0.0,0.0,-0.0,0.0,127.274,0.0,-0.0,-0.0,-0.0,-0.0,-0.0,127.274,Ni,2016--Beland-L-K-Lu-C-Osetskiy-Y-N-et-al--Ni-Co,fcc
209,356.84,146.019,903.663,0.0,0.0,0.0,168.391,334.468,903.663,-0.0,0.0,0.0,903.624,903.624,28137.19,-0.0,0.0,0.0,-0.001,-0.002,-0.04,865.465,0.0,0.0,-0.002,-0.001,-0.04,-0.0,865.465,0.0,-0.0,-0.0,-0.001,-0.0,0.0,105.41,Co,2016--Beland-L-K-Lu-C-Osetskiy-Y-N-et-al--Ni-Co,hcp
210,168.02,131.337,131.337,0.0,0.0,0.0,131.337,168.02,131.337,0.0,0.0,0.0,131.337,131.337,168.02,-0.0,0.0,0.0,0.0,-0.0,-0.0,85.931,0.0,0.0,0.0,-0.0,-0.0,0.0,85.931,0.0,0.0,-0.0,-0.0,0.0,0.0,85.931,Cu,2016--Borovikov-V-Mendelev-M-I-King-A-H--Cu-Zr,fcc
211,164.953,64.955,63.287,0.0,-0.0,-0.0,81.585,148.323,63.287,-0.0,-0.0,-0.0,63.287,63.287,180.082,-0.0,-0.0,-0.0,0.0,0.0,0.0,48.214,0.0,-0.0,0.0,0.0,0.0,0.0,48.214,-0.0,-0.0,0.0,0.0,-0.0,-0.0,33.369,Zr,2016--Borovikov-V-Mendelev-M-I-King-A-H--Cu-Zr,hcp
212,168.02,131.337,131.337,0.0,0.0,-0.0,131.337,168.02,131.337,-0.0,0.0,0.0,131.337,131.337,168.02,0.0,0.0,-0.0,-0.0,-0.0,-0.0,85.931,0.0,-0.0,-0.0,-0.0,-0.0,0.0,85.931,-0.0,-0.0,-0.0,-0.0,0.0,0.0,85.931,Cu,2016--Borovikov-V-Mendelev-M-I-King-A-H--fictional-Cu-31,fcc
213,171.964,129.625,129.625,-0.0,-0.0,-0.0,129.625,171.964,129.625,-0.0,-0.0,-0.0,129.625,129.625,171.964,-0.0,-0.0,-0.0,0.0,0.0,0.0,85.671,-0.0,-0.0,0.0,0.0,0.0,0.0,85.671,-0.0,0.0,0.0,0.0,0.0,0.0,85.671,Cu,2016--Borovikov-V-Mendelev-M-I-King-A-H--fictional-Cu-32,fcc
214,176.913,125.686,125.686,-0.0,0.0,-0.0,125.686,176.913,125.686,0.0,0.0,-0.0,125.686,125.686,176.913,-0.0,-0.0,-0.0,-0.0,-0.0,-0.0,83.409,-0.0,-0.0,-0.0,-0.0,-0.0,-0.0,83.409,-0.0,-0.0,-0.0,-0.0,-0.0,-0.0,83.409,Cu,2016--Borovikov-V-Mendelev-M-I-King-A-H--fictional-Cu-33,fcc
215,179.665,124.689,124.689,-0.0,-0.0,-0.0,124.689,179.665,124.689,-0.0,0.0,-0.0,124.689,124.689,179.665,-0.0,-0.0,-0.0,-0.0,-0.0,-0.0,83.053,-0.0,-0.0,-0.0,-0.0,-0.0,-0.0,83.053,-0.0,-0.0,-0.0,-0.0,-0.0,0.0,83.053,Cu,2016--Borovikov-V-Mendelev-M-I-King-A-H--fictional-Cu-34,fcc
216,130.37,35.824,46.57,0.0,-0.0,-0.0,38.513,127.681,46.57,0.0,-0.0,-0.0,46.57,46.57,133.845,-0.0,0.0,-0.0,0.0,0.0,0.0,58.067,-0.0,0.0,0.0,0.0,0.0,0.0,58.067,-0.0,0.0,0.0,0.0,0.0,-0.0,44.584,Ti,2016--Mendelev-M-I-Underwood-T-L-Ackland-G-J--Ti-1,hcp
217,114.189,35.819,25.352,0.0,-0.0,-0.0,35.819,114.189,25.352,0.0,0.0,-0.0,25.352,25.352,128.66,0.0,-0.0,-0.0,0.0,0.0,0.0,42.579,0.0,-0.0,0.0,0.0,0.0,0.0,42.579,-0.0,0.0,-0.0,0.0,0.0,0.0,46.08,Ti,2016--Mendelev-M-I-Underwood-T-L-Ackland-G-J--Ti-2,hcp
218,164.798,87.776,82.589,0.0,-0.0,-0.0,75.472,177.102,82.589,0.0,0.0,-0.0,82.589,82.589,165.162,-0.0,-0.0,-0.0,0.0,-0.0,-0.0,57.685,0.0,-0.0,0.0,-0.0,-0.0,0.0,57.685,-0.0,0.0,-0.0,-0.0,-0.0,-0.0,38.511,Ti,2016--Mendelev-M-I-Underwood-T-L-Ackland-G-J--Ti-3,hcp
219,1202.893,1072.895,1072.895,0.0,-0.0,0.0,1072.895,1202.893,1072.895,-0.0,0.0,0.0,1072.895,1072.895,1202.893,0.0,0.0,0.0,0.036,0.036,0.036,1072.296,0.0,0.0,0.036,0.036,0.036,0.0,1072.296,0.0,0.036,0.036,0.036,0.0,-0.0,1072.296,Cs,2016--Nichol-A-Ackland-G-J--Cs,bcc
220,7781.743,6233.771,6233.771,0.0,-0.0,-0.0,6233.771,7781.743,6233.771,-0.0,0.0,-0.0,6233.771,6233.771,7781.743,0.0,0.0,0.0,0.118,0.118,0.118,6232.186,0.0,-0.0,0.118,0.118,0.118,0.0,6232.186,-0.0,0.118,0.118,0.118,0.0,0.0,6232.186,K,2016--Nichol-A-Ackland-G-J--K,bcc
221,2781.779,-60735.535,-60735.535,0.0,0.0,0.0,-60735.535,2781.779,-60735.535,0.0,0.0,0.0,-60735.535,-60735.535,2781.779,0.0,0.0,0.0,1.561,-0.515,-0.513,-60785.031,0.0,0.0,-0.515,1.561,-0.513,0.0,-60785.031,0.0,-0.515,-0.513,1.561,0.0,0.0,-60785.031,Li,2016--Nichol-A-Ackland-G-J--Li,bcc
222,1340446.991,1454962.397,1308367.945,108242.906,-293802.282,-149687.928,413776.46,718509.714,778187.461,519092.32,-321670.253,241358.985,1354946.162,1138487.9,1490376.462,55590.23,-284569.308,97649.509,1336636.25,1314645.731,1607323.243,243495.014,138188.704,-292170.353,872559.308,1116213.236,1054637.971,147262.946,-412862.976,90577.694,1094848.849,1661968.093,1662754.23,148582.811,-169299.489,172778.581,Na,2016--Nichol-A-Ackland-G-J--Na,bcc
223,2022.866,-249.967,-249.967,-0.0,-0.0,0.0,-249.967,2022.866,-249.967,-0.0,-0.0,0.0,-249.967,-249.967,2022.866,-0.0,-0.0,0.0,-0.008,-0.008,-0.008,-250.62,0.0,0.0,-0.008,-0.008,-0.008,-0.0,-250.62,-0.0,-0.008,-0.008,-0.008,0.0,-0.0,-250.62,Rb,2016--Nichol-A-Ackland-G-J--Rb,bcc
224,240.798,150.537,150.537,0.0,-0.0,-0.0,150.537,240.798,150.537,0.0,-0.0,-0.0,150.537,150.537,240.798,0.0,-0.0,-0.0,0.0,0.0,0.0,127.193,-0.0,-0.0,0.0,0.0,0.0,-0.0,127.193,-0.0,0.0,0.0,0.0,0.0,-0.0,127.193,Ni,2016--Samolyuk-G-D-Beland-L-K-Stocks-G-M-Stoller-R-E--Ni-Pd,fcc
225,239.448,179.736,179.736,0.0,0.0,-0.0,179.736,239.448,179.736,0.0,0.0,-0.0,179.736,179.736,239.448,0.0,0.0,-0.0,0.0,0.0,0.0,90.377,0.0,-0.0,0.0,0.0,0.0,0.0,90.377,-0.0,0.0,0.0,0.0,0.0,0.0,90.377,Pd,2016--Samolyuk-G-D-Beland-L-K-Stocks-G-M-Stoller-R-E--Ni-Pd,fcc
226,240.918,150.497,150.497,-0.0,0.0,0.0,150.497,240.918,150.497,-0.0,0.0,0.0,150.497,150.497,240.918,-0.0,-0.0,0.0,0.0,-0.0,-0.0,127.137,0.0,0.0,-0.0,-0.0,-0.0,0.0,127.137,0.0,0.0,-0.0,-0.0,-0.0,0.0,127.137,Ni,2016--Stoller-R-E-Tamm-A-Beland-L-K-et-al--Ni,fcc
227,71.921,23.843,13.275,-0.0,-0.0,-0.0,31.389,64.376,13.275,-0.0,-0.0,-0.0,13.275,13.275,76.068,-0.0,-0.0,0.0,0.0,0.0,-0.0,13.471,-0.0,-0.0,0.0,0.0,0.0,-0.0,13.471,0.0,0.0,0.0,0.0,-0.0,-0.0,16.493,Mg,2016--Wilson-S-R-Mendelev-M-I--fictional-Mg,hcp
228,70.657,25.565,17.227,-0.0,-0.0,-0.0,25.565,70.657,17.227,-0.0,-0.0,-0.0,17.227,17.227,73.233,-0.0,-0.0,-0.0,0.0,0.0,0.0,14.202,-0.0,-0.0,0.0,0.0,0.0,-0.0,14.202,-0.0,0.0,-0.0,0.0,-0.0,-0.0,22.546,Mg,2016--Wilson-S-R-Mendelev-M-I--Mg,hcp
229,3729.485,2383.993,2534.197,0.0,0.001,-0.0,2442.265,3671.212,2534.197,-0.0,0.001,0.0,2534.196,2534.196,4257.513,-0.0,0.001,0.0,0.0,0.0,0.001,679.866,0.0,0.0,0.0,0.0,0.0,-0.0,679.867,0.0,0.0,0.0,0.0,0.0,0.0,614.474,Ti,2016--Zhang-P-Trinkle-D-R--Ti-O,hcp
230,240.148,157.128,157.128,0.0,0.0,0.0,157.128,240.148,157.128,0.0,0.0,0.0,157.128,157.128,240.148,0.0,0.0,-0.0,0.0,0.0,-0.0,123.478,0.0,0.0,0.0,0.0,-0.0,0.0,123.478,0.0,0.0,-0.0,0.0,0.0,0.0,123.478,Ni,2016--Zhang-Y-Ashcraft-R-Mendelev-M-I-et-al--Ni-Nb,fcc
231,242.839,132.678,132.678,0.0,-0.0,0.0,132.678,242.839,132.678,0.0,-0.0,0.0,132.678,132.678,242.839,0.0,0.0,-0.0,-0.0,-0.0,0.0,92.379,0.0,0.0,-0.0,-0.0,-0.0,-0.0,92.379,-0.0,-0.0,-0.0,0.0,0.0,0.0,92.379,Nb,2016--Zhang-Y-Ashcraft-R-Mendelev-M-I-et-al--Ni-Nb,bcc
232,114.851,62.643,62.643,-0.0,-0.0,-0.0,62.643,114.851,62.643,-0.0,-0.0,-0.0,62.643,62.643,114.851,-0.0,-0.0,-0.0,0.0,-0.0,-0.0,31.605,-0.0,-0.0,0.0,0.0,-0.0,0.0,31.605,-0.0,0.0,0.0,0.0,0.0,-0.0,31.605,Al,2016--Zhou-X-W-Ward-D-K-Foster-M-E--Al-Cu,fcc
233,176.135,124.888,124.888,0.0,0.0,0.0,124.888,176.135,124.888,0.0,-0.0,0.0,124.888,124.888,176.135,0.0,-0.0,0.0,0.0,-0.0,-0.0,82.041,0.0,0.0,0.0,0.0,-0.0,0.0,82.041,0.0,0.0,-0.0,-0.0,0.0,0.0,82.041,Cu,2016--Zhou-X-W-Ward-D-K-Foster-M-E--Al-Cu,fcc
234,112.399,219.955,219.955,0.0,0.0,0.0,219.955,112.399,219.955,0.0,0.0,0.0,219.955,219.955,112.399,0.0,0.0,0.0,-0.0,-0.0,-0.0,127.426,0.0,0.0,-0.0,0.0,-0.0,0.0,127.426,0.0,-0.0,-0.0,-0.0,0.0,0.0,127.426,Fe,2017--Beland-L-K-Tamm-A-Mu-S-et-al--Fe-Ni-Cr,bcc
235,246.874,147.047,147.047,0.0,-0.0,-0.0,147.047,246.874,147.047,0.0,-0.0,0.0,147.047,147.047,246.874,0.0,-0.0,0.0,0.0,0.0,0.0,125.001,0.0,0.0,0.0,0.0,0.0,0.0,125.001,-0.0,0.0,0.0,0.0,0.0,-0.0,125.001,Ni,2017--Beland-L-K-Tamm-A-Mu-S-et-al--Fe-Ni-Cr,fcc
236,5.844,5.844,5.844,-0.0,-0.0,0.0,5.844,5.844,5.844,-0.0,-0.0,0.0,5.844,5.844,5.844,-0.0,-0.0,0.0,0.0,0.0,0.0,2.416,-0.0,0.0,0.0,0.0,0.0,-0.0,2.416,0.0,0.0,0.0,0.0,-0.0,-0.0,2.416,Cr,2017--Beland-L-K-Tamm-A-Mu-S-et-al--Fe-Ni-Cr,bcc
237,522.997,202.99,202.99,-0.0,0.0,-0.0,202.99,522.997,202.99,0.0,-0.0,-0.0,202.99,202.99,522.997,-0.0,-0.0,-0.0,-0.0,-0.0,0.0,160.009,-0.0,-0.0,-0.0,-0.0,0.0,-0.0,160.009,-0.0,-0.0,-0.0,0.0,0.0,-0.0,160.009,W,2017--Bonny-G-Bakaev-A-Terentyev-D-Mastrikov-Y-A--W-Re,bcc
238,607.91,297.275,223.512,-0.0,-0.0,-0.0,264.068,641.116,223.512,-0.0,-0.0,-0.0,223.512,223.512,677.833,-0.0,-0.0,-0.0,-0.0,0.0,-0.0,148.445,-0.0,-0.0,-0.0,0.0,-0.0,-0.0,148.445,-0.0,0.0,-0.0,-0.0,-0.0,-0.0,188.524,Re,2017--Bonny-G-Bakaev-A-Terentyev-D-Mastrikov-Y-A--W-Re,hcp
239,232.797,121.525,121.525,0.0,-0.0,0.0,121.525,232.797,121.525,-0.0,-0.0,0.0,121.525,121.525,232.797,-0.0,-0.0,0.0,0.0,-0.0,-0.0,50.054,-0.0,0.0,-0.0,-0.0,-0.0,-0.0,50.054,0.0,-0.0,0.0,-0.0,-0.0,-0.0,50.054,V,2017--Maisel-S-B-Ko-W-S-Zhang-J-L-et-al--V-Ni-Ti,bcc
240,260.354,148.604,148.604,0.0,-0.0,-0.0,148.604,260.354,148.604,-0.0,0.0,-0.0,148.604,148.604,260.354,-0.0,-0.0,0.0,0.0,-0.0,-0.0,111.113,0.0,0.0,-0.0,0.0,-0.0,0.0,111.113,-0.0,-0.0,-0.0,0.0,0.0,-0.0,111.113,Ni,2017--Maisel-S-B-Ko-W-S-Zhang-J-L-et-al--V-Ni-Ti,fcc
241,173.4,96.9,66.374,0.0,-0.0,0.0,80.225,190.076,66.374,-0.0,-0.0,0.0,66.374,66.374,202.844,0.0,-0.0,0.0,0.0,-0.0,0.0,39.339,0.0,0.0,0.0,-0.0,0.0,0.0,39.339,0.0,-0.0,-0.0,0.0,0.0,0.0,38.25,Ti,2017--Maisel-S-B-Ko-W-S-Zhang-J-L-et-al--V-Ni-Ti,hcp
242,264.348,221.931,221.931,-0.0,-0.0,0.0,221.931,264.348,221.931,-0.0,-0.0,0.0,221.931,221.931,264.348,-0.0,-0.0,0.0,-0.0,-0.0,-0.0,68.782,-0.0,0.0,-0.0,-0.0,-0.0,-0.0,68.782,0.0,-0.0,-0.0,-0.0,-0.0,0.0,68.782,Pt,2017--OBrien-C-J-Barr-C-M-Price-P-M-et-al--Pt-Au,fcc
243,168.427,134.795,134.795,-0.0,-0.0,-0.0,134.795,168.427,134.795,0.0,-0.0,-0.0,134.795,134.795,168.427,-0.0,0.0,-0.0,0.0,-0.0,-0.0,44.3,-0.0,-0.0,-0.0,0.0,-0.0,0.0,44.3,-0.0,-0.0,-0.0,0.0,0.0,-0.0,44.3,Au,2017--OBrien-C-J-Barr-C-M-Price-P-M-et-al--Pt-Au,fcc
244,205.399,167.787,167.787,-0.0,-0.0,-0.0,167.787,205.399,167.787,-0.0,-0.0,0.0,167.787,167.787,205.399,-0.0,-0.0,-0.0,0.0,-0.0,-0.0,48.776,-0.0,-0.0,-0.0,0.0,-0.0,-0.0,48.776,-0.0,-0.0,-0.0,0.0,-0.0,-0.0,48.776,Au,2017--Purja-Pun-G-P--Au,fcc
245,196.071,97.621,66.774,0.0,0.0,-0.0,136.126,157.567,66.774,-0.0,0.0,-0.0,66.774,66.774,118.794,-0.0,-0.0,-0.0,-0.0,0.0,-0.0,8.484,0.0,-0.0,-0.0,0.0,-0.0,0.0,8.484,-0.0,0.0,0.0,0.0,0.0,0.0,49.225,Zr,2017--Smirnova-D-E-Starikov-S-V--Zr-Nb,hcp
246,3.223,3.221,3.221,-0.0,-0.0,0.0,3.221,3.223,3.221,-0.0,-0.0,0.0,3.221,3.221,3.223,-0.0,-0.0,0.0,-0.0,-0.0,-0.0,3.378,-0.0,0.0,-0.0,-0.0,-0.0,-0.0,3.378,0.0,-0.0,-0.0,-0.0,-0.0,0.0,3.378,Nb,2017--Smirnova-D-E-Starikov-S-V--Zr-Nb,bcc
247,238.405,83.76,78.353,-0.0,-0.0,-0.0,88.736,233.429,78.353,-0.0,-0.0,-0.0,78.353,78.353,251.379,-0.0,-0.0,-0.0,-0.0,0.0,-0.0,72.271,-0.0,-0.0,-0.0,0.0,-0.0,-0.0,72.271,0.0,-0.0,-0.0,-0.0,-0.0,-0.0,72.347,Be,2018--Byggmastar-J-Hodille-E-A-Ferro-Y-Nordlund-K--Be-O,hcp
248,64.338,25.319,20.298,0.0,-0.0,0.0,25.319,64.338,20.298,0.0,-0.0,0.0,20.298,20.298,70.867,0.0,0.0,0.0,-0.0,0.0,-0.0,18.063,0.0,0.0,0.0,0.0,-0.0,0.0,18.063,-0.0,-0.0,-0.0,-0.0,0.0,0.0,19.51,Mg,2018--Dickel-D-E-Baskes-M-I-Aslam-I-Barrett-C-D--Mg-Al-Zn,hcp
249,116.529,60.598,60.598,-0.0,-0.0,-0.0,60.598,116.529,60.598,-0.0,-0.0,-0.0,60.598,60.598,116.529,-0.0,-0.0,-0.0,-0.0,-0.0,-0.0,31.533,-0.0,-0.0,-0.0,-0.0,-0.0,0.0,31.533,-0.0,-0.0,-0.0,-0.0,0.0,-0.0,31.533,Al,2018--Dickel-D-E-Baskes-M-I-Aslam-I-Barrett-C-D--Mg-Al-Zn,fcc
250,151.576,46.684,56.481,-0.0,0.0,0.0,46.684,151.576,56.481,0.0,0.0,0.0,56.481,56.481,67.754,-0.0,0.0,0.0,0.0,-0.0,-0.0,45.207,0.0,-0.0,-0.0,0.0,-0.0,0.0,45.207,-0.0,-0.0,-0.0,-0.0,0.0,0.0,52.446,Zn,2018--Dickel-D-E-Baskes-M-I-Aslam-I-Barrett-C-D--Mg-Al-Zn,hcp
251,254.052,123.117,123.117,-0.0,-0.0,-0.0,123.117,254.052,123.117,-0.0,-0.0,0.0,123.117,123.117,254.052,-0.0,-0.0,-0.0,0.0,0.0,-0.0,126.839,-0.0,0.0,0.0,0.0,-0.0,-0.0,126.839,0.0,0.0,-0.0,0.0,-0.0,-0.0,126.839,Fe,2018--Etesami-S-A-Asadi-E--Fe,bcc
252,255.318,155.802,155.802,0.0,0.0,0.0,155.802,255.318,155.802,0.0,0.0,0.0,155.802,155.802,255.318,0.0,0.0,0.0,0.0,0.0,-0.0,129.85,0.0,0.0,-0.0,0.0,-0.0,0.0,129.85,0.0,-0.0,-0.0,0.0,0.0,0.0,129.85,Ni,2018--Etesami-S-A-Asadi-E--Ni,fcc
253,55.574,45.411,45.411,0.0,0.0,0.0,45.411,55.574,45.411,0.0,0.0,0.0,45.411,45.411,55.574,0.0,0.0,0.0,0.0,0.0,-0.0,18.17,0.0,0.0,0.0,0.0,0.0,0.0,18.17,0.0,0.0,0.0,0.0,0.0,0.0,18.17,Pb,2018--Etesami-S-A-Baskes-M-I-Laradji-M-Asadi-E--Pb-Sn,fcc
254,24.899,24.899,24.899,-0.0,-0.0,-0.0,24.899,24.899,24.899,-0.0,-0.0,-0.0,24.899,24.899,24.899,-0.0,-0.0,0.0,-0.0,-0.0,-0.0,24.898,-0.0,0.0,-0.0,-0.0,-0.0,-0.0,24.898,0.0,-0.0,-0.0,-0.0,-0.0,-0.0,24.898,Fe,2018--Farkas-D-Caro-A--Fe-Ni-Cr-Co-Cu,bcc
255,248.073,147.793,147.793,0.0,0.0,0.0,147.793,248.073,147.793,0.0,0.0,0.0,147.793,147.793,248.073,0.0,0.0,0.0,0.0,0.0,0.0,124.96,0.0,0.0,0.0,0.0,0.0,0.0,124.96,0.0,0.0,0.0,0.0,0.0,0.0,124.96,Ni,2018--Farkas-D-Caro-A--Fe-Ni-Cr-Co-Cu,fcc
256,172.896,172.326,172.326,0.0,0.0,-0.0,172.326,172.896,172.326,0.0,0.0,-0.0,172.326,172.326,172.896,0.0,0.0,0.0,-0.0,-0.0,-0.0,137.025,-0.0,0.0,-0.0,-0.0,-0.0,0.0,137.025,-0.0,-0.0,-0.0,-0.0,-0.0,0.0,137.025,Cr,2018--Farkas-D-Caro-A--Fe-Ni-Cr-Co-Cu,bcc
257,367.33,156.323,120.451,0.0,-0.0,-0.0,183.592,340.062,120.451,0.0,0.0,-0.0,120.451,120.451,392.037,0.0,0.0,0.0,-0.0,0.0,-0.0,62.281,0.0,-0.0,0.0,0.0,0.0,-0.0,62.281,-0.0,0.0,-0.0,-0.0,-0.0,0.0,105.503,Co,2018--Farkas-D-Caro-A--Fe-Ni-Cr-Co-Cu,hcp
258,152.745,13.704,13.704,0.0,-0.0,-0.0,13.704,152.745,13.704,-0.0,0.0,-0.0,13.704,13.704,152.745,-0.0,-0.0,0.0,-0.0,-0.0,-0.0,10.944,0.0,0.0,-0.0,-0.0,-0.0,0.0,10.944,-0.0,-0.0,-0.0,-0.0,0.0,0.0,10.944,Cu,2018--Farkas-D-Caro-A--Fe-Ni-Cr-Co-Cu,fcc
259,415.936,110.017,110.017,0.0,-0.0,-0.0,110.017,415.936,110.017,0.0,-0.0,0.0,110.017,110.017,415.936,0.0,-0.0,0.0,-0.0,-0.0,-0.0,105.092,0.0,-0.0,-0.0,-0.0,0.0,0.0,105.092,0.0,-0.0,-0.0,-0.0,-0.0,-0.0,105.092,Cr,2018--Howells-C-A-Mishin-Y--Cr-Ni,bcc
260,-151696000.389,-219124001.261,-219124001.261,-133.342,-110.447,-34.915,-219124001.261,-151696000.389,-219124001.261,-38.68,-124.509,-37.142,-219124001.261,-219124001.261,-151696000.389,-61.835,-85.903,-31.006,-0.0,-0.0,-0.0,60673309.944,73.164,-17.3,-0.0,-0.0,-0.0,-60.914,60673248.941,-42.783,-0.0,-0.0,-0.0,-215.744,14.844,60673401.901,Ni,2018--Howells-C-A-Mishin-Y--Cr-Ni,fcc
261,80.143,19.999,18.25,0.0,-0.0,-0.0,31.639,68.504,18.25,-0.0,-0.0,0.0,18.25,18.25,69.678,-0.0,0.0,-0.0,0.0,-0.0,0.0,28.468,-0.0,-0.0,0.0,-0.0,0.0,-0.0,28.468,0.0,0.0,-0.0,0.0,-0.0,-0.0,30.072,Tb,2018--Mendelev-M-I-Zhang-F-Song-H-et-al--Tb,hcp
262,123.438,94.161,94.161,0.0,0.0,0.0,94.161,123.438,94.161,-0.0,0.0,-0.0,94.161,94.161,123.438,0.0,0.0,0.0,0.0,0.0,-0.0,47.103,0.0,-0.0,0.0,0.0,-0.0,-0.0,47.103,0.0,0.0,0.0,-0.0,-0.0,-0.0,47.103,Ag,2018--Pan-Z-Borovikov-V-Mendelev-M-I-Sansoz-F--Ag-Ni,fcc
263,247.016,147.295,147.295,0.0,-0.0,-0.0,147.295,247.016,147.295,-0.0,0.0,0.0,147.295,147.295,247.016,-0.0,0.0,0.0,0.0,0.0,0.0,122.773,0.0,0.0,0.0,0.0,0.0,0.0,122.773,0.0,0.0,0.0,0.0,-0.0,0.0,122.773,Ni,2018--Pan-Z-Borovikov-V-Mendelev-M-I-Sansoz-F--Ag-Ni,fcc
264,523.236,202.254,202.254,0.0,-0.0,0.0,202.254,523.236,202.254,0.0,0.0,0.0,202.254,202.254,523.236,0.0,-0.0,0.0,-0.0,-0.0,-0.0,160.951,0.0,0.0,-0.0,-0.0,-0.0,0.0,160.951,0.0,-0.0,-0.0,-0.0,0.0,0.0,160.951,W,2018--Setyawan-W-Gao-N-Kurtz-R-J--W-Re,bcc
265,336.02,259.477,207.715,0.0,0.0,-0.0,226.441,369.056,207.715,0.0,0.0,-0.0,207.715,207.715,424.492,0.0,-0.0,-0.0,-0.0,-0.0,0.0,47.419,0.0,-0.0,-0.0,-0.0,-0.0,-0.0,47.419,0.0,-0.0,0.0,-0.0,-0.0,0.0,38.272,Re,2018--Setyawan-W-Gao-N-Kurtz-R-J--W-Re,hcp
266,1.291,0.785,0.722,-0.0,0.0,-0.0,0.785,1.291,0.722,-0.0,-0.0,-0.0,0.722,0.722,1.354,-0.0,0.0,-0.0,0.0,0.0,0.0,0.192,-0.0,-0.0,0.0,0.0,0.0,-0.0,0.192,-0.0,0.0,0.0,0.0,-0.0,0.0,0.253,Mg,2018--Smirnova-D-E-Starikov-S-V-Vlasova-A-M--Mg-H,hcp
267,547.04,167.488,167.488,0.0,0.0,-0.0,167.488,547.04,167.488,0.0,0.0,-0.0,167.488,167.488,547.04,-0.0,0.0,-0.0,-0.0,0.0,0.0,159.624,0.0,-0.0,0.0,0.0,-0.0,-0.0,159.624,-0.0,0.0,0.0,-0.0,0.0,0.0,159.624,Mo,2018--Starikov-S-V-Kolotova-L-N-Kuksin-A-Y-et-al--U-Mo,bcc
268,52.448,29.222,29.222,-0.0,0.0,0.0,29.222,52.448,29.222,-0.0,-0.0,0.0,29.222,29.222,52.448,-0.0,-0.0,-0.0,0.0,0.0,0.0,26.77,-0.0,0.0,0.0,0.0,0.0,-0.0,26.77,0.0,0.0,0.0,0.0,-0.0,0.0,26.77,Au,2018--Starikov-S-V-Lopanitsyna-N-Y-Smirnova-D-E-Makarov-S-V--Si-Au,fcc
269,181.735,106.096,106.096,0.0,-0.0,0.0,106.096,181.735,106.096,-0.0,-0.0,0.0,106.096,106.096,181.735,-0.0,-0.0,-0.0,0.0,0.0,0.0,84.017,-0.0,0.0,0.0,0.0,0.0,-0.0,84.017,0.0,0.0,0.0,0.0,0.0,-0.0,84.017,Pb,2018--Wang-K-Zhu-W-Xiang-M-et-al--Pb-II,fcc
270,336.171,170.395,170.395,0.0,-0.0,-0.0,170.395,336.171,170.395,0.0,0.0,-0.0,170.395,170.395,336.171,0.0,0.0,-0.0,-0.0,0.0,-0.0,168.781,0.0,0.0,-0.0,-0.0,0.0,0.0,168.781,-0.0,0.0,-0.0,0.0,0.0,-0.0,168.781,Fe,2018--Zhou-X-W-Foster-M-E-Sills-R-B--Fe-Ni-Cr,bcc
271,261.343,150.724,150.724,0.0,0.0,0.0,150.724,261.343,150.724,0.0,0.0,0.0,150.724,150.724,261.343,0.0,0.0,-0.0,0.0,-0.0,-0.0,131.721,0.0,-0.0,0.0,-0.0,-0.0,-0.0,131.721,-0.0,0.0,-0.0,0.0,0.0,0.0,131.721,Ni,2018--Zhou-X-W-Foster-M-E-Sills-R-B--Fe-Ni-Cr,fcc
272,427.602,181.944,181.944,0.0,0.0,0.0,181.944,427.602,181.944,-0.0,0.0,0.0,181.944,181.944,427.602,-0.0,0.0,0.0,-0.0,0.0,-0.0,132.932,0.0,0.0,-0.0,-0.0,-0.0,0.0,132.932,0.0,-0.0,-0.0,-0.0,0.0,0.0,132.932,Cr,2018--Zhou-X-W-Foster-M-E-Sills-R-B--Fe-Ni-Cr,bcc
273,114.851,62.643,62.643,-0.0,-0.0,-0.0,62.643,114.851,62.643,-0.0,-0.0,-0.0,62.643,62.643,114.851,-0.0,-0.0,-0.0,0.0,-0.0,-0.0,31.605,-0.0,-0.0,0.0,0.0,-0.0,0.0,31.605,-0.0,0.0,0.0,0.0,0.0,-0.0,31.605,Al,2018--Zhou-X-W-Ward-D-K-Foster-M-E--Al-Cu-H,fcc
274,176.135,124.888,124.888,0.0,0.0,0.0,124.888,176.135,124.888,0.0,-0.0,0.0,124.888,124.888,176.135,0.0,-0.0,0.0,0.0,-0.0,-0.0,82.041,0.0,0.0,0.0,0.0,-0.0,0.0,82.041,0.0,0.0,-0.0,-0.0,0.0,0.0,82.041,Cu,2018--Zhou-X-W-Ward-D-K-Foster-M-E--Al-Cu-H,fcc
275,218.665,142.27,142.27,-0.0,-0.0,0.0,142.27,218.665,142.27,-0.0,-0.0,-0.0,142.27,142.27,218.665,-0.0,-0.0,0.0,0.0,0.0,-0.0,129.952,-0.0,0.0,0.0,0.0,-0.0,0.0,129.952,0.0,0.0,-0.0,-0.0,0.0,-0.0,129.952,Fe,2019--Byggmastar-J-Nagel-M-Albe-K-et-al--Fe-O,bcc
276,266.666,157.995,157.995,-0.0,0.0,0.0,157.995,266.666,157.995,-0.0,0.0,0.0,157.995,157.995,266.666,-0.0,0.0,0.0,0.0,0.0,0.0,87.313,0.0,-0.0,0.0,-0.0,0.0,-0.0,87.313,-0.0,0.0,0.0,0.0,0.0,0.0,87.313,Ta,2019--Chen-Y-Fang-J-Liu-L-et-al--W-Ta,bcc
277,169.886,122.609,122.609,0.0,0.0,-0.0,122.609,169.886,122.609,0.0,0.0,-0.0,122.609,122.609,169.886,0.0,0.0,-0.0,0.0,-0.0,-0.0,76.19,0.0,-0.0,-0.0,0.0,-0.0,0.0,76.19,-0.0,-0.0,-0.0,-0.0,0.0,0.0,76.19,Cu,2019--Fischer-F-Schmitz-G-Eich-S-M--Cu-Ni,fcc
278,241.34,150.823,150.823,0.0,-0.0,-0.0,150.823,241.34,150.823,0.0,0.0,-0.0,150.823,150.823,241.34,0.0,-0.0,-0.0,0.0,0.0,0.0,127.343,-0.0,-0.0,0.0,-0.0,0.0,0.0,127.343,-0.0,0.0,-0.0,0.0,0.0,-0.0,127.343,Ni,2019--Fischer-F-Schmitz-G-Eich-S-M--Cu-Ni,fcc
279,174.477,127.841,127.841,0.0,-0.0,0.0,127.841,174.477,127.841,0.0,-0.0,0.0,127.841,127.841,174.477,0.0,0.0,0.0,-0.0,-0.0,-0.0,84.437,0.0,0.0,-0.0,-0.0,-0.0,0.0,84.437,0.0,-0.0,-0.0,0.0,0.0,-0.0,84.437,Cu,2019--Mendelev-M-I--Cu-Zr,fcc
280,145.309,79.311,54.342,0.0,0.0,0.0,79.311,145.309,54.342,0.0,0.0,0.0,54.342,54.342,178.86,0.0,0.0,0.0,-0.0,0.0,-0.0,40.402,0.0,0.0,-0.0,0.0,-0.0,0.0,40.402,0.0,-0.0,0.0,0.0,0.0,0.0,32.999,Zr,2019--Mendelev-M-I--Cu-Zr,hcp
281,579.717,272.406,272.406,0.0,0.0,-0.0,272.406,579.717,272.406,-0.0,0.0,-0.0,272.406,272.406,579.717,-0.0,0.0,0.0,-0.0,-0.0,-0.0,266.042,-0.0,-0.0,-0.0,-0.0,-0.0,-0.0,266.042,-0.0,-0.0,-0.0,-0.0,-0.0,0.0,266.042,Fe,2019--Mendelev-M-I--Fe-Ni-Cr,bcc
282,242.895,139.126,139.126,-0.0,-0.0,0.0,139.126,242.895,139.126,-0.0,-0.0,0.0,139.126,139.126,242.895,-0.0,-0.0,0.0,0.0,0.0,0.0,118.8,-0.0,0.0,0.0,-0.0,0.0,0.0,118.8,0.0,0.0,-0.0,0.0,0.0,-0.0,118.8,Ni,2019--Mendelev-M-I--Fe-Ni-Cr,fcc
283,423.783,104.926,104.926,-0.0,-0.0,-0.0,104.926,423.783,104.926,-0.0,-0.0,-0.0,104.926,104.926,423.783,-0.0,-0.0,0.0,0.0,-0.0,-0.0,135.904,-0.0,-0.0,-0.0,0.0,-0.0,-0.0,135.904,0.0,-0.0,-0.0,0.0,-0.0,-0.0,135.904,Cr,2019--Mendelev-M-I--Fe-Ni-Cr,bcc
284,222.949,145.424,145.424,-0.0,-0.0,-0.0,145.424,222.949,145.424,-0.0,-0.0,-0.0,145.424,145.424,222.949,-0.0,0.0,-0.0,0.0,0.0,0.0,117.905,0.0,-0.0,0.0,0.0,0.0,-0.0,117.905,-0.0,-0.0,0.0,-0.0,-0.0,-0.0,117.905,Fe,2020--Byggmastar-J-Granberg-F--Fe,bcc
285,19.275,9.611,9.611,-0.0,-0.0,-0.0,9.611,19.275,9.611,-0.0,-0.0,-0.0,9.611,9.611,19.275,-0.0,-0.0,-0.0,0.0,0.0,0.0,10.203,-0.0,-0.0,0.0,0.0,0.0,-0.0,10.203,0.0,0.0,0.0,0.0,0.0,0.0,10.203,Au,2020--Starikov-S-Gordeev-I-Lysogorskiy-Y-et-al--Si-Au-Al,fcc
286,98.564,45.93,45.93,-0.0,-0.0,-0.0,45.93,98.564,45.93,-0.0,-0.0,-0.0,45.93,45.93,98.564,-0.0,-0.0,-0.0,0.0,0.0,0.0,39.327,-0.0,-0.0,0.0,0.0,0.0,-0.0,39.327,-0.0,0.0,0.0,0.0,-0.0,-0.0,39.327,Al,2020--Starikov-S-Gordeev-I-Lysogorskiy-Y-et-al--Si-Au-Al,fcc
287,201.723,169.72,169.72,-0.0,-0.0,0.0,169.72,201.723,169.72,-0.0,-0.0,0.0,169.72,169.72,201.723,-0.0,-0.0,-0.0,0.0,-0.0,-0.0,45.656,0.0,0.0,0.0,-0.0,-0.0,0.0,45.656,0.0,0.0,-0.0,-0.0,-0.0,0.0,45.656,Au,2021--Wang-G-Xu-Y-Qian-P-Su-Y--Au-Rh,fcc
288,421.524,192.25,192.25,0.0,-0.0,-0.0,192.25,421.524,192.25,0.0,0.0,-0.0,192.25,192.25,421.524,0.0,0.0,-0.0,-0.0,-0.0,-0.0,194.267,-0.0,-0.0,-0.0,-0.0,-0.0,0.0,194.267,-0.0,-0.0,-0.0,-0.0,-0.0,0.0,194.267,Rh,2021--Wang-G-Xu-Y-Qian-P-Su-Y--Au-Rh,fcc
